customer_id,location,days_since_joined,joined_on_sale,email_subscription,membership_level,satisfaction_score
960b2366e6be4f9da662ba578bc82b30,ASIA,41,1,0,1,23
3238d579b84b4700ab792207614e6096,AFRICA,29,0,0,0,72
2b32bd19399a49e0bde35e4f7e08cc19,EUROPE,46,0,1,3,16
3599e5843d494b0fb00fab308059b8d4,AMERICAS,35,1,0,1,32
3707f9f5a14b47b5be865afdeb3544b0,EUROPE,13,0,0,3,93
9bd890e4e09d4c4dab9d4766dedbf853,AFRICA,49,0,1,0,21
93cd6bf57b054d2392e5461ba68f5ef9,EUROPE,29,0,1,1,66
6164da655cc44acea3b853bfe7234aff,ASIA,46,1,0,3,39
38938c9dfce14f26ae9997d845aa6b85,ASIA,22,1,0,0,73
a4d304f98b2241829b9a2143fe5a3034,AFRICA,45,0,0,1,47
6188f854a7f747739649005db6995276,AMERICAS,6,0,1,0,50
90d02f06310a465bb967b8956c194ad3,AMERICAS,1,1,1,2,49
51347d9f7bc648d0a3c4559a8f2b2dc4,AFRICA,16,1,1,2,72
cbd016887d074bcea35aea1486c2e6e7,EUROPE,2,1,0,2,10
2c0997cc06b745ca96c098bfe1262331,AFRICA,18,0,1,0,86
77427b5f48844fe28dc5d69b2e41614a,ASIA,43,1,0,0,1
c7eeb6c101134646bf10496bd43d2ed6,AMERICAS,24,1,1,1,60
be50661e695343ac8d0d6bece2df48ff,ASIA,8,0,0,0,95
5ef7433b319a4d62bf92565f1ca3eef2,AMERICAS,34,0,1,3,28
a29cde5469e14131bac48fc9ebee30d0,AMERICAS,39,0,0,2,88
625c5c725ea8423cba7ad20e9b98a866,EUROPE,37,1,1,0,45
b76c6cdbebe34b4eb9eb1bfdc7d41f58,AFRICA,11,0,0,2,12
fbb2e0724668448c86e737ca079d4bfa,ASIA,9,0,0,0,12
325b45cf6f7f4221ab6de9c0c41e189f,AFRICA,42,1,1,1,88
8386ce75a07c4f14907d376c2361b959,ASIA,15,1,1,3,80
36319e45b5dc43d5b83b23bcb353f113,EUROPE,46,1,0,0,99
91978d2c33cb495e81d256598f0dc1bd,AFRICA,24,1,1,0,27
34f2b097124949bf80bca2273824875e,ASIA,37,0,1,2,9
77c5e8e4577740a6a4bd6348628cbf4c,AMERICAS,36,0,1,1,75
5b587f93e3784308b801d0bfb0c8e087,ASIA,42,1,1,0,81
5659a5b900574db4959829f861233bde,AMERICAS,21,1,0,2,17
d8a351032b054971b34035d010486f8b,ASIA,18,0,1,2,97
f20930060e3b4e7e87b1b8c990cb88f5,AMERICAS,25,1,1,2,64
32fb8e56340d4342a19df8fedb0b6497,AFRICA,26,1,1,2,14
a6e1f4fdebb347108b14082b8945c902,AFRICA,13,0,1,1,85
97e2cf30e4eb42e283587ccb5f9f713b,AFRICA,26,0,0,3,76
d020b60930a64ed59d823ac08813e18a,ASIA,46,0,1,3,28
c4dd143f7e4a4b9b815917f609af8d22,AMERICAS,27,0,0,0,95
5660dcac406343ecb8ea292aea6b10e0,AFRICA,49,1,1,0,1
9929c029f5af4b87ad04214e9445a196,AMERICAS,35,0,0,3,87
326d1c0a38964b65a065bbf29d0f5c7a,EUROPE,43,1,1,0,47
b86afb774cc1421e8244ff90d07d6507,EUROPE,13,0,0,0,10
485fb7b0e96d4b4e938e1258d3505eb9,AFRICA,19,1,1,1,42
ee920750bfb84fb5854569785b583725,AFRICA,40,0,1,3,16
8558375d393d4be08ff276e5ecbbee59,ASIA,9,1,0,0,27
541e4a89356c4d43a21b0eafca9ac970,ASIA,5,1,0,1,5
2ba1bebab171464399b5bdcce32a9221,AFRICA,18,0,1,0,95
da772c6d5e1c4bab821771964335dfdf,AMERICAS,32,0,1,0,15
f74a7423121a40c79b97cf469429c3f5,AFRICA,5,0,1,2,65
928a3306990e413a880a2781f60ce01f,AMERICAS,17,1,1,1,12
1f46670ce9a2492f9f74b41f0f90b635,ASIA,24,1,0,3,69
481b34257c7a4c7ca661e9607311c702,EUROPE,12,1,1,2,53
c8b3f2ccf5474146ac12d35766903b55,AFRICA,4,0,1,3,47
b61b1e8eccf04bd383b6c592e291ffdb,EUROPE,16,0,1,1,81
c8c7233010684997a9a45fa0ad5ab071,EUROPE,22,0,0,0,93
76ec3ec6f9e4464b943573692f594dc4,AFRICA,9,1,0,3,4
7052bbcfef4c412fbe27a804cdd488cd,ASIA,13,1,1,0,31
922551e3e00c43bb991ebeacb03f56a2,AFRICA,2,1,1,0,23
b6bce6f232714fa6bcd74fd7c1648580,EUROPE,42,0,0,1,41
78222d2ec41149de91afaec10898a602,ASIA,42,0,0,2,71
692024170cdf49bcbba18a9964ed0258,ASIA,5,1,0,0,9
dcf52cfa03e8432284d353affdee1c13,AMERICAS,33,1,0,0,79
949487cf38a94c19acb5467a8085d115,AFRICA,43,1,1,3,43
53f4b683b38b480f9eebccb71d069bf2,ASIA,33,1,1,0,49
90ecd3ca54df48af8246aeb5554e867e,ASIA,49,1,0,2,54
dc3270b9bdf64eaea4c18ddc9a260afb,EUROPE,50,1,0,0,60
662a361ff1384e1b8d5eb1abca2fd5bc,EUROPE,37,1,1,1,4
f40f3ce16f654f93acccd19da9dfa871,AMERICAS,43,0,1,3,49
2994a51f8caa4af9be8491aef62b9780,EUROPE,42,0,0,1,66
a2198af2d47848d5bb4badb2e866d52b,AFRICA,16,1,0,2,73
34c73a01f6104055aee59e5f3cba7a99,ASIA,41,0,1,0,89
55dd9ce801f24edcbb53b5ad5b829cb9,ASIA,17,0,1,3,46
a431e113817a4038809c595d2c98959c,ASIA,38,1,1,0,84
44ca05468aa4489185b10ab742d4e768,ASIA,17,1,0,3,34
6feb5d863d1a43d19f094efdb27cca5c,AFRICA,40,1,1,3,28
f9097372ed164d3394118c805c81bbe5,ASIA,20,0,0,1,67
8c03db09de5a4d329e9c92ed3abf68a8,AMERICAS,42,1,0,1,5
566356beab7d4beba3f8edc4bee17570,AMERICAS,28,1,1,2,91
5977b3680dce42deba9f9c4bea5ddf9e,ASIA,28,1,0,2,76
b8266788b7b243f9bc278af11ba726d5,AFRICA,30,1,1,3,46
8c68827e15054f79af0019fb8c76f7f8,EUROPE,7,0,1,3,10
681570297b7b4f19ad8dfc7a2d5581c4,AMERICAS,12,1,0,2,63
6be4b8862ea44060999ee1688347cc15,EUROPE,29,0,0,2,3
41d531f7203c4b54b2061d06553215d9,AMERICAS,10,1,1,0,55
b06df0ec44224fd686472bf086237a57,EUROPE,9,1,1,2,73
d315e13d03d94c359bd456cdee4edf57,AFRICA,3,1,1,1,37
fe13fd71b0bd4405ac06779d05d7cbd6,ASIA,18,0,0,0,13
dcb2743a9a0f4fc990c0fc28a31a53e7,AFRICA,46,0,1,2,30
c8915200c4074710a6c089c82eb7cd46,ASIA,15,1,1,0,66
c1891110c2bc4614803f0fb51cbbe5b1,ASIA,47,1,1,2,68
09a092e226a2406daa37b32206071256,EUROPE,12,0,1,3,84
7c7fe50c02864e75b8b30d77780cdd2d,AMERICAS,4,1,1,2,57
c158028148234c4bb2178c8adce040b1,EUROPE,16,0,1,1,32
b747d031bc8742ac96aaf0d2e23d7ded,AMERICAS,23,1,1,2,58
58ecaec0f822499996fd0ae2f12a1bce,EUROPE,5,0,0,0,61
7ca37d27950f4ed0a1171e9c624e43ef,AMERICAS,16,0,1,3,32
17de469c36ce44129ec1b1d0f029976a,AMERICAS,49,0,0,1,32
533a528b79dd475fb8ec1833df04875d,AFRICA,48,0,1,3,24
6a9139e5cc984b3d9f9942d01dc64b05,AMERICAS,37,1,0,3,91
7de8791e97e04ee1ac8166073b76f93c,EUROPE,38,0,1,2,58
4d887655a6724d76aaceea266c0f5f9b,AMERICAS,24,0,1,0,17
3a71539cac7447549024221e911c7165,EUROPE,21,1,1,1,57
b48ba008b0b7438680f8011fb47380f9,EUROPE,36,0,0,3,84
10f976b01a25407aac9a86f5092cf68d,EUROPE,16,0,1,3,75
53164d492fb3487d8e0acfa757cb3b24,ASIA,33,1,0,1,78
302a828b349942b7985480b6c1c15b0b,ASIA,7,0,1,1,37
6b16b1b0c0a1498d867f1c5033bd5900,AFRICA,15,1,0,0,84
2115dab2dfd54a189dde009bd07d0909,ASIA,50,1,1,0,52
e3c79a8214f748e5af32823975dbbe7d,ASIA,22,0,0,1,64
7ec41d847c7b412dbe4d531af9a2ed59,EUROPE,43,1,0,2,66
9d7ba4f3f6034ced9097bf3431eff039,EUROPE,49,1,0,1,35
25f601c350414263b43228542ef035f3,ASIA,36,1,0,1,79
740ee026463b4374a7c25b266aadbde2,ASIA,14,0,1,0,87
e5e2883d4a2d403986be35f898810002,AMERICAS,31,1,1,3,79
a121632978f740c593a98fa8cbb3d426,ASIA,5,0,0,3,18
3eb4028cdda3477db533009ab4244f3f,AMERICAS,14,1,1,3,13
58d5e8885e054de3a236968a82ffdd1a,EUROPE,50,0,0,0,43
f2f2838aeba8465b944f6d1ecda75659,AMERICAS,31,1,0,0,83
b36d16e8d0c04da2a80e14f9aac2f9af,ASIA,18,0,0,3,67
3fbbb0b5f9c04130bda94483d6764d65,ASIA,21,0,0,0,89
37a9623aca5742f08251bc569845ef03,ASIA,11,1,1,3,58
c1e140d841fc49218aa7c49ccad6b6dc,ASIA,19,0,0,2,24
8451721abf704dca838db2156da88c39,EUROPE,40,0,0,1,62
6213da71dc3a4e54ace7eb86a3a82cd6,EUROPE,40,1,0,0,14
68770a24fed64af68f756df478099e35,ASIA,28,1,0,2,41
dc4b0ec7625b4231baf19aaa530b85c8,AMERICAS,30,0,0,0,4
fc503fd952ba49d38962b3e4e3f1c6e0,AMERICAS,24,1,1,3,15
460776f510914320bdd738d545918ef5,AMERICAS,18,0,1,2,97
3ef683200d5f4cc2bf82f65bc5cf358e,AMERICAS,27,1,1,0,31
63ce686edc5f4a41974c8976060f8b11,ASIA,12,1,0,2,89
d87cb7466fe14b4ba086671f2f9ce1e9,ASIA,25,1,1,1,24
be251076846e41e5b4345595a87ee464,AMERICAS,16,0,1,2,81
a277dfa05c7f48cf834b6f7e79bccf36,ASIA,47,1,0,0,14
b38bb9c9d125435e9b6b76241b60a28e,ASIA,41,0,1,3,22
4c7c54ee29104fc3b13d34447f68f44c,AFRICA,47,1,0,0,30
df4fb5bb8f0f4360ae543dc438ca3d4b,AFRICA,12,1,1,1,32
dfbc19ad8cfc4207bddf60eb7d88b341,AMERICAS,28,0,0,0,81
5bcadab57da54a0e8591fa28c45315ae,AFRICA,17,1,1,0,59
a19efcf8c41b474dad9839f27d059d0f,AFRICA,36,0,0,0,39
e92e3a319a264f97ab51d1a73910409a,EUROPE,14,1,0,3,64
bfe2ccc729ac4cafb0ee2217a997ab3b,AMERICAS,16,1,1,3,83
d8bf89f83c7b4fb8af5f1fe94f9a4477,AFRICA,38,0,1,2,27
c69125b7c16248e3aeba7490120975d6,ASIA,50,1,0,2,83
708f79ba8233460a8471a53403c771fc,AFRICA,46,1,0,3,63
dcea58d4c06149cd881f5886d3fd7274,ASIA,4,0,0,3,6
7cc979995a724e6390f9f26167414caa,ASIA,40,0,1,3,8
e015fa51b89041e0883d62bfee400c12,ASIA,6,1,1,1,41
a0fb6b5ded964f17a620208b809b959e,AMERICAS,44,1,0,3,21
e43d524aa2c14eb38c554b5671bfb2bb,AFRICA,4,1,1,1,2
6660ee6e8fd84281a34cdd6d0b93f5ed,AFRICA,19,1,1,3,38
d00be6bec7544c2790c481402f428811,EUROPE,34,0,1,3,86
c117655ed4274008807e247b1c3caf3f,AFRICA,41,1,1,3,85
66ff02ea68034c249f6a66143b56cf81,AMERICAS,28,1,0,3,36
a918d1beb4b74d0dac7a12aba2fa571e,AFRICA,42,0,1,1,54
16658cbdc11d4eaa89a5499473ea437c,AMERICAS,1,0,0,3,25
67fcfc26a13949e38c844d199c546bfb,EUROPE,3,0,1,2,25
8ba760a1133b439d85ef4c6bb8ff0579,AMERICAS,25,0,1,1,97
c83f96e16db148b89377d18ddf5bc959,AFRICA,33,0,1,3,2
ff3ab3ce5b90492f8f5e5168e365f8fd,ASIA,12,0,1,3,23
97234252310e4147b42cc820bcc8a659,AFRICA,8,1,1,0,33
65e44d990dd04c0d9f0ea8387dc825c0,AFRICA,13,1,0,1,10
1b6ca97db3a542c7b494cddbd12cb262,ASIA,35,0,1,2,1
ed7af1bc8af64e899b7584c7df76ffe1,AMERICAS,12,1,0,3,65
e421e17cbb244903bb820f200ccf41e5,EUROPE,32,0,0,0,63
c9671571d7bf46dcbabf4b16b6e23a13,AMERICAS,43,0,1,0,34
cc27673e21e24189ad767b5974c029e4,AMERICAS,34,0,0,3,79
51fe98708b4d4bd78b8935203ca55d29,EUROPE,5,1,1,3,50
437315d1d14c4c548811f85c954e321c,AFRICA,43,1,0,3,47
0886eb3cf6fa41e4ba0ad23b81805835,AMERICAS,10,1,1,2,92
e812935353664646ae958a013695c21b,AMERICAS,17,1,1,3,12
d8013310993445c09fb85909bf62fe10,AFRICA,26,0,1,2,67
1d33ea00000d486d8395709b00a22add,AFRICA,42,0,0,1,26
3fb8879a1fc84767a7df90334f5945c1,ASIA,45,1,1,2,22
cccbbba0b7eb43e4bbc3f3defb4a0874,ASIA,12,0,0,1,7
11ad71d764f841efae7c1eac6f17c37a,EUROPE,25,1,1,3,97
81c02407ba8c4d44a209ff112fca15c1,EUROPE,48,0,0,2,50
724a5c0580a54fd1b8526edf3e4c3975,AFRICA,25,0,1,0,75
6c142319cf394dc1a5acb0bc50b5c516,AMERICAS,3,0,1,0,47
3eb5a1c2111341cd81b05db859fd5df1,EUROPE,9,1,1,3,74
e39993d7efa146bba7bb7126a2ec2a1e,AMERICAS,13,1,1,2,14
28527b48f51f4a5f81f4098eb799482e,EUROPE,26,1,0,3,5
a294581fa24945d19db6819ba3ed2c0e,ASIA,4,1,1,1,64
61547000e81246b79d35053c5d623774,EUROPE,3,1,0,1,7
dc7d092679874479910ed454c7b8fdcd,EUROPE,43,0,1,1,42
b02acd750a91410fab9b7b69f35ce497,AFRICA,26,0,1,1,34
650f3e0d6ca24e7daee290e2982e09b8,EUROPE,11,1,1,3,43
3274a78a4779469a9738e8abf499b787,EUROPE,28,1,1,3,61
257c719d4a234f38b4c44a889b8a602a,ASIA,17,1,1,0,51
29a4b03ce1df42c0af199901cec4fa61,AFRICA,14,0,0,2,89
981acf0923144e4bafefdd14b4331c9d,EUROPE,11,1,1,0,15
6d1d84abf3e948938277ea7f1ed98175,AFRICA,16,0,1,0,73
16daded661a64b5a8fe4e29e6ea4756f,ASIA,39,0,0,0,96
3e818591c5b64a6c95ca1f57f34ed9d5,AFRICA,9,1,1,1,37
aa447872c0764484b5b193b8278d0ac8,ASIA,47,1,0,2,84
180a95053ad54753b79daa58c3d03292,AFRICA,43,0,1,3,29
4a0ef94afadd4ad3bd438bbd1b99b7fb,EUROPE,49,0,1,1,1
269fdc11e4ec4e1c87477701ec2d4840,AMERICAS,37,0,1,1,77
e02cbaa6d83c44b793c51c700dfdf00e,AMERICAS,33,0,1,0,88
b4ed4aa5dfa241fba02201a1db2f3784,AMERICAS,23,1,1,3,98
2af0d587dac7468b8bd0b8debf5f0829,EUROPE,13,1,1,3,54
2ff60c37ae8643ba98a73d2a4ff9329d,AFRICA,17,0,0,3,90
1628a34d5d5c46059917b9c62ea81b64,AMERICAS,20,1,1,2,50
ba35b35a5e424510a9bb6b8801ca678f,EUROPE,1,0,1,0,77
34f7cdbbda01462d9a3581113ad0b26d,EUROPE,50,1,0,1,92
d16063d87ad6449982be997faef13600,EUROPE,24,1,0,2,19
e462a62f328d4be28c0d1b1846b8350b,AMERICAS,41,0,0,3,58
9c04498d8eb848a6a93883984e34efa8,EUROPE,37,1,1,1,44
ab7b1cb37d774d9e8785a6f677ace4d7,AFRICA,21,0,1,3,13
35834727a80c447e9c1d1f0f14f4f50a,EUROPE,19,0,0,0,72
2c997014a51c49d2a2399c18bfc3b4c3,ASIA,10,0,0,1,21
f951697262804b59bbec5d401f6fad91,AMERICAS,7,0,1,3,63
e051f13ef7ed4163bc63d5469c568a94,AFRICA,6,0,1,3,32
ab0c908f9061442c8697a5ae05240fd1,EUROPE,14,1,0,1,28
7c4a934f683e49dea60ccbc094b0032d,AMERICAS,4,1,1,3,89
a06a6ded90064755984b68a7316bf84d,AMERICAS,14,0,1,2,32
59ab4f05d8ef492e9d7f55ba5ba96f16,ASIA,27,0,1,3,33
92236ccd58f7472cb2f90a04246141bc,EUROPE,22,0,1,0,28
004c6e277026478f98d1a34e9592907a,EUROPE,36,1,0,2,52
bb60b67fb99440978779b485f97c1a05,ASIA,35,0,0,1,92
7c8678b97f6f4c12870199816533c887,EUROPE,35,0,1,0,24
b67c28da26244e83b9335a08a7e2c258,ASIA,43,0,0,0,84
92923ea6037141dbab6dd05753299936,EUROPE,2,1,0,2,25
b7a86faeaf9f4d3998baa40616e71552,AFRICA,20,1,0,2,43
6dc75004ffcd4042b1f4a763331cecfd,AFRICA,19,0,1,2,7
affdf1c4fd454d49993b26da5d25f3b5,EUROPE,29,1,1,1,26
acca464551f643eabd42f20365ed5309,AFRICA,9,0,0,2,99
37cdfb9fc6bd49bbbff39929441d8f19,EUROPE,36,1,1,2,26
583f210ce76d402d9f3413883cf7cd42,ASIA,8,1,1,2,70
9df2d08a457f4ff59a087fd1f7dbbb63,AMERICAS,1,0,1,0,87
d323966240b945a794465d0af2ad2f47,ASIA,12,1,0,3,30
d83981624a7541a59bcdb692dc214ee5,AFRICA,34,0,0,3,30
dba206f308aa459598a9759d5470fbfa,AFRICA,29,0,1,1,28
f0886742242d41eeaf59c84df3dcd83d,AFRICA,34,0,0,2,88
a3c292b0cb514ef889300637df6555d9,AMERICAS,4,0,1,0,80
51f654fe52de4674b5b39fae521f70a7,EUROPE,39,1,1,3,35
d3d0be36f007472a99f72771e8b57ddc,AMERICAS,29,1,0,0,63
37e8777a0262408ab12847744d159b25,EUROPE,1,0,0,0,31
e60389441cb0488f9a4bb56513f5acc8,AFRICA,26,0,0,3,98
31c8b4f2b8f24e1fb6a643ed9691ed3c,ASIA,16,1,1,0,16
d6db77e4313148cab3950536f91fc736,EUROPE,46,0,1,3,8
952edfe1fc0845dfbae6c170e3168a22,AMERICAS,37,1,0,1,21
dd099f2147d74b53a7f07776fdf38c29,AMERICAS,4,1,1,0,74
50e4d76453db49128ef1eb3a73023f69,EUROPE,42,0,0,3,82
62a6b631192f47a0a3b00d9314f4647f,AMERICAS,4,1,0,2,44
e6f308ee52cb4dfa850b11479168aa36,AFRICA,3,1,0,2,69
f4927906b5874081b33620cab47d34bf,AFRICA,8,0,1,1,74
85956b5ed74d4575bf26bd7b425c6b16,AFRICA,38,1,1,0,56
9c868531488844d39908d0a02a656870,AMERICAS,18,1,0,1,31
c93d43cdb8144c368eed16b7cf8ba170,AMERICAS,7,1,1,2,15
da13c7e777dc4559b4966cd92a3e4b9b,EUROPE,50,0,0,1,83
723be4225ed84a019cfc6d17dafbdb25,AMERICAS,41,1,1,2,59
bdf125415f7f40cab772f105fcda4b87,EUROPE,21,1,1,0,19
67086967ecbc4c6a89f65b843c2d9431,AFRICA,25,1,1,1,15
0e4134be380e4792871d16f46ca5e828,AMERICAS,45,1,0,1,65
7e6b2ff2537542268f619bd1f34a826a,EUROPE,47,1,1,0,97
ea9062368ff04801b13eccbbcf35c399,AMERICAS,19,0,0,0,13
b669ff3e39e94171872c080d3fcbaade,AMERICAS,42,1,0,2,69
2183ac5cc8c046faadfbf11965eb52cd,AFRICA,24,1,1,2,92
7bd0752baf83449690390f46d5cde9d0,AFRICA,5,1,0,3,55
6f27bd760b194ed19ea18f58a8194336,AMERICAS,43,0,1,2,70
ee04eb7e5488456d8888ea6d936e01b9,AFRICA,43,0,1,3,59
a5fa126aa83948229eccd908dc58e2ca,AMERICAS,31,1,0,3,3
3d3e099da9ed40f491d5b671d7062654,AMERICAS,2,1,1,3,35
25bf77b435b84f8489e320d14293285b,AFRICA,24,1,0,1,67
358eb7f189e14298986ce8c81032c7d3,AMERICAS,49,1,0,3,46
f7755ac2dcec40dc96543f18c4867368,AMERICAS,19,0,1,2,1
b23e89ddc27d4c5ebeff023a93285830,EUROPE,15,0,0,2,13
94bac22ebdbd4e9c8dd7a0918e61f756,ASIA,44,1,0,2,64
6a9cfde3a66a4c4cae229c1406b56e60,ASIA,50,1,0,3,57
d46425062cf14935823cc30f9661bd83,AFRICA,36,1,0,3,94
690d284f4bd2471aaf44d009ca1fc1f6,AFRICA,33,1,0,1,32
6ed915ad66f74505aca4af6fb91eb9cc,AMERICAS,17,1,0,3,51
e5a6e12f3c0747e7a35a07e7e61fd77f,AFRICA,37,0,0,3,62
24d5f70fc9be4a1d8c1b22fb7dcf1079,ASIA,42,0,1,2,84
ad6f5ecc32e84795a849fc496f0e6d16,ASIA,43,0,1,0,98
ee9da1f1121f4ba99f2ec1f51b3c885b,AMERICAS,23,0,0,1,76
43c90ce426a14b7db77171deabfce583,AFRICA,38,0,0,1,6
d3af61928b5b4e2fa43b1f190d4b16a8,EUROPE,19,0,1,1,37
f2115dcd3a33415ab3b8140009f90412,ASIA,13,0,1,1,44
53de70580982422d8e48b4140523da45,ASIA,21,1,0,1,76
0cafb49e39634ae4a2e5086871494339,EUROPE,39,1,1,1,31
a3ecd781451e4778b01204801d40f64a,AFRICA,31,1,0,2,59
9d370ce1905e47219beaff9675bf736f,AFRICA,35,0,1,1,5
769b01f673c54a8eb6f87ffa7f04f9ea,AMERICAS,40,1,0,0,83
4024ff954272479fa73436fb642c13c3,ASIA,46,0,1,0,51
f87639dbc3dc4a6fac790f646674737f,AMERICAS,9,0,0,1,97
20551576227243259dde2cf409ea6673,ASIA,19,0,1,2,79
88ba978acbfd4fa98dabb70bcb26bffe,AMERICAS,28,0,0,0,54
ea5dd292d1444d8c961c9d383d8b6f9f,ASIA,18,0,0,1,27
1ca2e35d0e6c49de8b5da4defc9f5d52,EUROPE,20,0,0,1,75
da2c59665a3b417aa90498653774ff1f,AFRICA,6,1,0,0,44
19f93772893e432ab171d9aa2312f960,ASIA,13,0,1,0,3
1b64a453cc174e268432c4dbd7094732,EUROPE,33,1,0,0,6
7a6bfda096684aab8b70eb0004b51dbf,EUROPE,17,0,0,1,67
54387e095ad24af4a1d85c293aa3fe8c,ASIA,41,0,0,1,29
985ed090b86d426eaff1de832524f3a4,EUROPE,33,0,0,0,37
2ec9baaf89de4647901e31d17aeada54,ASIA,15,0,0,3,10
771f434fdf464ff29b6fbd1e63b75680,ASIA,18,0,1,1,84
46517399e2bc43559b45bd8e0fc565bf,ASIA,29,0,1,1,53
50dc19c76b8c4189b1c63402a9b1dae9,AFRICA,16,1,0,0,58
67e2ad688fda49cbbafc329749524f93,ASIA,3,0,0,3,12
728143818aac4212902146b0cb185bd8,AMERICAS,5,1,0,2,91
d868344cad824230a5221014033f653a,EUROPE,17,1,0,2,68
30d2b8b168c44979be62395fda36b242,AFRICA,44,1,0,3,3
695d10eb0fd7490cb4480f8672cee4a1,AMERICAS,17,1,0,3,89
9aa69119780742099357ab9b13eedb14,AFRICA,22,0,0,2,85
0565c26722594650ab13daa964cfa37c,AFRICA,21,1,0,0,68
348318e9b4be41f29e246cd6906071fd,AMERICAS,5,1,0,3,32
ddb48fc160fc4882b447cc434329749a,EUROPE,41,1,0,0,67
0e2961823ea74b8cb8646681991de3d1,AFRICA,20,0,1,0,32
c9fba8e2aa2b4830bf07a28eaee872f9,AMERICAS,6,1,1,3,25
de5a3b1fda19435187146cb3bee9755a,AMERICAS,18,1,1,2,56
8331e467742645fe997d41d761f6109f,AMERICAS,1,0,0,0,27
e3f7ec537d1c4e84bae06d52836449c3,ASIA,46,1,0,2,88
3d91e613bd5a4b559717ba2243b1b80c,EUROPE,38,0,1,2,18
69dc78522d434ac0bded1572576e7538,AMERICAS,3,0,1,3,91
ae7d1058ee8e4561b065277423bedc0b,AMERICAS,29,0,0,3,60
7ecb6259e06c45b483268eb355720032,AMERICAS,3,0,1,3,26
40cd4b2cc67548748f79b0ea79ab5c80,AMERICAS,50,0,0,3,45
bad674b9373f416b8c5e691197d84470,AMERICAS,18,0,1,2,81
c82e66c9b42d494a88a15cd9afef3d14,AFRICA,18,1,1,2,58
6f514b644e364bc4a8747c420dd87efb,AFRICA,31,1,0,2,98
777faad588824bcfba112a4a2da8fd4d,AMERICAS,47,1,0,1,85
0df96e357a724170a1294ee8e10c8a53,AMERICAS,34,0,0,2,96
f4db05889a7342ff8011e7f608a3df4b,EUROPE,44,1,1,1,91
4898533177774f61816ab74ea024b90d,AFRICA,19,0,1,0,58
cc1b6d227784446c854947d2ccd6c571,ASIA,20,1,0,2,100
4971a572bffc43caa3330e065b478978,AFRICA,41,1,1,1,20
f6625c5db7764fecaa0f7e8abf0c48ee,EUROPE,22,0,1,1,59
686b5a5599554af8bacbb5ab37324aa3,EUROPE,9,1,0,1,50
ef2c603571d84311bebdef3fe9cbb115,AFRICA,46,1,0,1,88
c2c4b33cb5c04cc08461b795c34b2f8e,EUROPE,4,0,1,0,95
198c69afbc0d46f69ca3797179d17070,AFRICA,3,0,0,2,42
dedf1c934d3a41c290dc925913969aef,AFRICA,11,1,1,0,3
fdf3a2e980a843c39244cd6998cd4caf,EUROPE,39,1,0,2,20
d0be52f680a644ac9e3ff36436349059,ASIA,25,0,0,0,70
9a84aa7cb268476fb29d7f77817aae67,EUROPE,31,1,1,2,26
fb2cb43f90a94a8d9bc338d1f30eca5b,AFRICA,8,1,1,0,26
8eea5212b4714d249d30cc171a490466,ASIA,19,1,1,0,72
7be864a0c4804cd2b5266c386fff68a6,AFRICA,49,0,0,1,25
d6050b2ea14f4fe08376efda98c2ff10,EUROPE,19,1,1,2,91
bd23e641f6834213aeefe65cfe5d2651,AMERICAS,28,0,1,2,32
06e6ec2bc9b34215b98743e1eccfa205,AFRICA,8,1,0,0,34
6fd93590d5a244809238a4e6bda89ced,AMERICAS,41,0,0,2,100
3b0df7ed73ae4389b43fd3144ecc17a3,AFRICA,24,0,0,0,15
99140389784a4362936f5ca932e433dc,ASIA,23,0,1,3,87
7c4a188f2f9a4b07a9ffd70fbd9e08c0,EUROPE,40,0,0,0,64
90fff02d3c254703b264148426cc7de2,AFRICA,36,0,1,2,26
e53eb20a06b847b4bb335a6382176403,ASIA,49,1,1,0,63
b5a7b8603976456582acdb7e661d2f06,AFRICA,14,0,1,2,60
b6c3b814cac64234b3ba0e7edd7754af,EUROPE,15,1,0,1,65
e12ce4bebd6e48c0b50edf2395f0eb51,AMERICAS,47,0,0,0,6
d1ddac708ed24c9ab2260953fb254964,AMERICAS,4,0,1,0,84
574c57e12c5046189cf6dbccb224f590,ASIA,47,0,0,2,3
769150b4d6dc4e79b1dcde0581217f5c,AMERICAS,15,1,1,2,80
d81970f2edf44a72af1381714fce7b40,EUROPE,33,1,0,2,54
ee0fb34a94d24b58bd09061a4942d05f,ASIA,28,1,0,3,7
c3822b7253a448ba919e5f934e136166,AMERICAS,29,0,1,0,62
c8b6ade94f274e8aafb29a517bc5ed20,EUROPE,21,0,0,2,92
91de7aad69f24c34931695fac1ea762e,AMERICAS,1,0,0,2,75
0ac4583a04594f24bddc8691166653c3,EUROPE,12,0,0,1,46
f22bb28d0c2d4c14ba2cf97a24ed0370,AFRICA,43,1,1,3,14
32760aa5c7314dc29e6eb053467e0333,AMERICAS,43,1,1,1,60
5539872c0fdc4079ab1c85b32ed9d388,AMERICAS,27,1,1,3,38
8a1da8d40f7342788098d657f5919864,ASIA,13,0,1,1,73
3bae99e929cc4870bbf0905d2c47c878,EUROPE,47,0,1,0,100
c3df30fc15ed4b089fbb22c990a81a38,AMERICAS,6,0,0,3,16
db8773afae964b90b62a82a8f02d4c21,ASIA,23,0,1,3,30
03b9c425c9604849b7af0c9722c82b3b,EUROPE,25,0,1,2,28
8da60fa39e1f420aa72ee96758990c1f,ASIA,1,0,1,2,67
84db7dc47d864a2d81cb14629d75cf95,AFRICA,43,1,1,2,68
a4a82ef1b6b64dc4b7f1a3c065c83f73,EUROPE,16,0,0,3,64
bf723e8cc0dd4ecca684bcf076d34ffe,ASIA,50,0,0,3,60
9f41b7f596b1401f9a838201be7eb530,EUROPE,9,1,1,2,24
af86856a6ce142a792b77a624a10ac39,AMERICAS,28,0,0,1,45
6a3f13b1136b4079a0ecfd9b97270202,AFRICA,47,1,1,2,10
e0c274d754684247ba03b45993e962e6,AFRICA,31,0,1,3,59
452bde7d065641a2b3d5cb4efe8e920b,AFRICA,10,1,1,3,15
cad3abe8ed83455da61bac7b21ae8a24,AFRICA,47,1,1,3,89
ce78f356812b438b9c8c365e21fcb992,AMERICAS,26,0,1,1,53
42f3feed8ea94d5db112bffc837169e1,ASIA,50,1,1,0,27
fb5d18fc04094e8c9215517192d16d52,AMERICAS,16,1,0,2,84
ab3c7bfdf5d7484faf2e07cfd528bbc5,AMERICAS,41,0,0,1,21
d14e39cfdaf14155803ce7d08fc3691b,AMERICAS,20,0,1,0,96
4110f0675f4045bf8b5f1af685d2952e,AFRICA,23,0,0,3,83
cb0f1cd8dd374e1699b4358860da5a3a,AFRICA,19,1,1,2,77
189a1f5aabf2431dac9354bc656638a1,AFRICA,5,1,1,3,5
01e8f158c68941d4946dff0a9be54820,ASIA,27,1,1,0,31
4b16a71bfb3f400297abfe7fe7b4da43,EUROPE,5,1,0,1,65
d2af5b044cc044ef9c1ffb50c05b2a14,AMERICAS,27,0,1,3,63
3066ec964f0a4e2cbf02b4f12066d6e0,AMERICAS,22,0,0,0,76
ad67e83229a84c76b9e3033171fc63b4,AMERICAS,11,1,1,1,26
778d92a52c794d85b16afa3b98c03761,EUROPE,7,1,0,2,38
133bc039d2ae488a827088e868ea55f6,AMERICAS,32,1,1,2,54
8e6b618415724c6185c36d0cdc35702d,ASIA,24,1,1,1,84
88e24c267cb1402bb411cf2a5dc996ee,AFRICA,12,1,1,3,45
e3ed5da38240454490384c6348e9f713,EUROPE,41,1,1,1,39
9d902a557b1b4a56b68fa8c5169b952e,AMERICAS,49,1,1,0,59
ab0523f5a25b44d785283b26cee295cb,EUROPE,39,0,1,3,24
701c34d2b89e4ad3b5c051574aec99dd,AFRICA,21,0,0,1,95
4327853c92914bc6ac329b869ff6cc15,ASIA,26,1,0,0,58
282b455c269d4ece994a510fe8090116,ASIA,28,1,1,2,90
9a4e9cfc4a9846fdafbba97dff19d7ba,EUROPE,38,0,0,0,64
9286144757f342c983552e50a33deaca,AMERICAS,7,0,1,3,19
fe93145a206d4016bba0c267f0b3d9cc,AFRICA,8,1,0,3,61
7e6a4ce345e94c51abb1fe66c092c366,AFRICA,37,1,1,3,29
9807fc7e91684776b220b01f1079ea5b,AMERICAS,9,1,0,2,24
c1943d6b0d494a85a70f1150e0ff10d5,AMERICAS,23,1,0,3,6
4fe930a6e31f4c9a9c2fb7dfec1e6095,ASIA,6,0,0,1,37
24f914cb4ff74d4a95cebb69872bb79d,EUROPE,12,1,1,0,95
3beaa8900fe54515b7856f28ad38fc52,ASIA,15,1,1,0,93
c99e1619f789476499b53c3130148499,ASIA,10,1,0,3,41
21aa4953509849108062026f12b474f4,ASIA,39,0,1,0,29
0cbeb53aa14f420482dd83eafa620ff8,AMERICAS,19,0,1,1,59
6618ac57cffd4d85a5d0744a26f23a20,EUROPE,27,1,1,2,75
92f5af8df3bf49649fb30906843f1199,AMERICAS,43,0,0,3,70
19b014ccd6034a61ae2d211273c885e0,AMERICAS,28,0,0,0,45
35e99fff66154ae5864a91fbb4cf132f,AFRICA,46,1,1,0,53
872104ba69114ce99229356e881c6285,AFRICA,5,1,0,0,86
d525d750b83549dabddac18436f2d633,EUROPE,4,1,0,2,19
556aac51fc2140fa970218312324b48b,AFRICA,7,0,1,1,96
e0db2517ad164717abf7baa701c4c406,AMERICAS,24,0,1,3,81
6345ffe4244e4c62b78fe29d19f6d11b,EUROPE,22,1,0,1,12
366d62a902e1408a9ef4ba9d4e5ff2de,AMERICAS,2,1,1,2,7
d8af1bdf0f92497ab7602b97fcbe48b3,EUROPE,22,0,0,0,94
d58bca257276437f91acaf815f5d7279,EUROPE,9,1,1,0,91
77ea641c4ab844d39bca75e25c8f8e24,ASIA,23,0,1,0,79
855405b699204d33b5632a2b20be2c19,AMERICAS,6,0,0,3,11
72a5e1b1c3ea4f0eb6a0a5ea05762e60,EUROPE,35,1,1,2,61
2183e85ede264544a535de4673676646,AMERICAS,18,1,0,2,74
dc3e83927203436dacb8c753db9d5b42,ASIA,41,0,1,1,20
a6f3b36c147b43b8a4376d645ecc5ae2,ASIA,44,0,0,0,66
f74ee094369e4aa8a3abaeef3b6ffba9,AFRICA,24,1,1,3,18
6d8b663672d145188a408f949938cb2f,EUROPE,21,1,1,3,6
24e756478d21410aa72e74194bbbff9e,EUROPE,14,1,1,1,68
f49e31b81bf94127856abc1625a0e9f2,EUROPE,2,1,1,2,7
1b5e15b5ac754485bdc918c056cca064,EUROPE,29,1,0,1,77
d224f69c29694f2588af64b0e18d923d,EUROPE,26,1,0,2,95
ee427e755f0b4679b6df1695c67388b5,AMERICAS,19,0,0,1,43
32b1b1c20d9b4c6bb5adcae30b50f4e9,AMERICAS,11,0,0,1,70
a42d0cb8683b48c8a8c8c39d9efc8a1f,EUROPE,8,0,0,0,8
abd3f2541e7e4e5b947c5f671394a5a1,AMERICAS,3,1,0,3,73
2870832f56cb429fa02cc8dcf3caef9c,AMERICAS,37,0,0,0,26
9c589c56afe74d50917928613017e3c7,EUROPE,33,0,1,1,95
2189bf11fbbf475c88a16dc8e2335b67,ASIA,31,1,0,2,59
77eba8ee054742a7b41e85fe8b910c2e,AFRICA,46,1,1,1,44
695d6b2097014526ac5f8cb9052aa308,EUROPE,25,0,0,3,27
98378d49df8d4be4befe8e7c4ed0df04,AMERICAS,38,0,0,0,46
99f0ff5fce5346e987eb6012d6652fdc,EUROPE,16,1,0,0,12
fec84d2f45e240ccbadc7b49908a27bf,AMERICAS,2,1,1,2,11
11f2092434924b32a6bb6bfa04c30641,EUROPE,9,0,0,0,43
9f12f76666e2449e8f595f9c68b967a4,ASIA,16,0,0,3,27
1f0cdc07583f4e358e69bbb61f299025,ASIA,32,0,1,3,94
1decfe0cbca04852a4c1f2d633bcf439,EUROPE,28,0,1,1,91
dd814d29adba43f4b868a1332cecd011,EUROPE,24,0,0,1,93
d5a1e89a11fe483fb1c28b41d7206cd2,EUROPE,2,1,0,3,64
e708a3f33af44a808006792db7c7221d,ASIA,27,1,1,1,8
00d193351b394798a5104de59854d5b7,EUROPE,19,1,1,2,85
b11aaa2f366b4509922c54ddeb03f09f,ASIA,39,0,1,0,68
b26853dcbe98487483e52ac6e6e7c4f4,EUROPE,7,0,0,2,8
279d4c5421c64965b897dfef0aa4f4ce,AFRICA,38,1,1,3,68
5be6c521dd02414f8da43ccc13106497,AMERICAS,44,0,0,3,18
086f64b6efb24ce28c9f62594b5df607,ASIA,28,0,1,1,93
3ac380ecd003441f857230f609df6c09,EUROPE,34,0,0,2,77
038a02535f344782a1e98162fe783a5e,EUROPE,13,1,0,0,23
21b21b35eb0f4462b4d5b90deefd50d7,EUROPE,27,0,1,2,7
c761a1a941c642f5a25d86d83178633d,AFRICA,6,0,0,3,31
5c5d9107cd5d42d4acb9fd04fff1f834,AFRICA,19,1,0,1,17
6055e10eea0a486a84109ebb4b8696e3,ASIA,23,1,0,3,24
b051a008c6b643ce8cd44ac2f1229e3a,ASIA,11,0,0,3,32
f875c834fe514eec8a43c8f199e67e84,AFRICA,32,1,1,2,50
1688fe9d4ed74177ae21ac9be84dfef4,AFRICA,23,0,1,2,49
fb1c38bd3cfc46669896cd9520717e26,AFRICA,33,0,0,2,71
bad405e8ab9440b7bdf795e816a1f0c4,EUROPE,25,1,1,0,96
b643bb39ac844225a4aa08330edefa70,AFRICA,32,1,0,1,32
91f3ca23c2d94b039c5daf730ec77611,ASIA,3,0,1,0,70
fd6ff9a2c53c416281ca208d04cae788,EUROPE,7,0,0,2,85
c6959f54beb64d83807c0be2653887f9,AFRICA,46,1,0,2,48
e93787c6edd74831b0b700f508426ece,AFRICA,11,0,0,1,38
0aab9a20da3845eb86b93afb6e837460,AMERICAS,42,0,1,2,56
9a48abd5cdd348a48387884e4f00c562,AMERICAS,12,0,0,1,48
13aef9bc7841477fb89fe5ae2a8833e4,EUROPE,1,0,1,1,10
122f1fedefc241869f926cc8b548d00d,ASIA,45,0,0,1,55
04ccaccc2f0c4340af6a6785ff0b8ada,AFRICA,49,0,0,3,86
8566658e8c434d9cbf8171af162415d6,AFRICA,21,1,1,1,54
138bd68afc1f47dc9b7882e8b7c5c9fb,AMERICAS,5,1,1,3,1
c6c7f29b933d4b6db7d5fa410d867c9d,ASIA,45,1,1,3,78
07d43aa0062d4785bd042c81522fbc40,AMERICAS,32,1,0,2,29
0ca77c61fdd64e2b87044531a12008b2,AMERICAS,33,0,1,1,76
c91b5c11f31f4402bc0bc576a4cea9ea,AFRICA,18,1,0,3,98
e1b1251f75294a66a7805cb3862559cd,AFRICA,8,1,1,0,98
f6827c2c918c49a7af541e11eb910939,ASIA,1,0,0,2,21
2b9be1d421524b63995df37c6b8c13f9,ASIA,46,0,1,1,67
535ce2407b394dbe9ea9e914eebfb69c,AFRICA,31,1,0,2,36
192f68e0ebf144d79fe816fb060f4a27,AMERICAS,50,1,1,0,53
b457c1c14e8a490093e7d6924ef32b4d,ASIA,50,1,0,1,23
7dd5ee3ff27746bda8a2f6f60407fe5a,AMERICAS,36,1,0,1,15
90393fd5a663435eb838e6dbb0e0801b,AMERICAS,50,0,1,2,75
9bc6bf19cef54988849e53f270804b36,AFRICA,41,1,1,0,62
02d9a69496b4453c9e55916865f7af4a,AFRICA,14,1,1,1,99
2d0f3c2517e24dd9a3027ccded400026,AFRICA,25,1,0,1,72
4febd0d805ce47f7ba0b00aedaebc757,AMERICAS,23,1,0,3,53
d4fce3cda73a4562b9ef1cd2f4c9d6b1,AMERICAS,30,1,1,0,10
aceb29e5a1ea42a099436f6a311cc3f1,ASIA,11,1,1,2,40
81f006dae3854b0ca7f83061e68e44c9,ASIA,31,0,0,1,6
8dacf975d6ae47aab13e7e8a8f4a0fe8,EUROPE,11,1,0,0,32
e2191e1ed5694f70aacd42eecdfef935,EUROPE,8,0,1,2,18
e022c61da5534b02b4151dfe9f0e9bf0,AFRICA,41,1,1,2,35
8bf8fe40c05a4d40bef8c62ee9d955f7,AFRICA,36,1,1,2,85
8b48b72da2e146b784575fd6925001e8,ASIA,1,0,1,1,90
5d05217952004fba8a453200e1c6ecbd,EUROPE,9,0,0,3,11
0ddd440c32094926a1ee29892f7b8120,AFRICA,41,0,0,2,17
969ca7a8830b4096a78dfd5da0b3e120,AFRICA,40,1,0,3,37
e5fba3f7304b4bafa4aec20f06a8c7dd,AFRICA,37,0,1,2,81
2da7e969ad0944a0ab32a949b3b55029,EUROPE,18,1,1,3,78
59594521da7c4eccba2fcc0684ce8903,ASIA,27,1,0,0,12
ae74a83f71164938b1dea7ea0b1a5441,AMERICAS,1,0,1,3,73
99689efca6d94a3e99966a4b47401074,AFRICA,19,0,0,0,55
2d3882cc89f54c8c95f9f73d1264ff5d,AMERICAS,10,0,0,3,43
3617d256da254f1abec5c96c3de2fe0c,EUROPE,15,0,0,1,17
5a4f2588f06c423e8d08634c6de22116,ASIA,10,0,0,0,17
361460b079254d9cba0f9104a58afc9d,AFRICA,11,0,1,0,81
df186ce95fb9402c8f95b6d89820e569,ASIA,41,1,1,3,28
24e1cf1a284f4a94ab16978f0c1d0cb9,AMERICAS,14,0,1,0,66
c5083f9ede7a46d58b27eef039cc512a,EUROPE,15,0,1,3,26
d94811cb4c4c4426b0c393d21e82b2f1,EUROPE,31,0,0,1,58
2979cb60309f4cfcb739bada684ec38f,AFRICA,12,0,1,0,1
f63b1c69398449cfae7fbae1ef8def59,AFRICA,35,0,0,0,94
a5946f6e5c094436a1ab622c91362136,AFRICA,33,1,0,3,58
d1dc2cd6b02a4f448cb397388f0071c6,EUROPE,45,1,1,1,63
da4e4239393343f78695f5f1c4618049,AMERICAS,20,0,0,2,8
a5bcb3df5be043468281a66ef110a719,EUROPE,9,1,1,0,43
cb68a230deab42e98531038ff97d2c3b,EUROPE,8,0,1,1,68
77cb4ebd62bd4b0caeebc4065e50960f,ASIA,27,0,0,3,25
51f6239a60314ea48b4ef6efc552468e,AMERICAS,26,1,0,2,94
a121954a1b5c4822b9206218844e91df,AMERICAS,21,1,1,0,91
f4cbbd13d0624a209d22d91dec73bb30,EUROPE,22,0,0,3,2
fca42f872600437bacb88161da83a532,AMERICAS,48,1,1,0,19
b31c383473004cb19a3ba05949bf4af5,AFRICA,18,0,0,3,86
017af94e9f96449982508ae993921252,AMERICAS,2,0,1,0,10
5cd5169f5cf74e4c9e921368ead92f8a,AFRICA,39,1,1,3,26
0ce5dd7d819b41d6838501f9aa4071a3,ASIA,8,0,0,3,61
63bdf187b77f4b08bea3b34ae21b5957,ASIA,43,1,1,0,56
f1067acd477a4490aa483c3cbabcb32b,AFRICA,6,1,1,3,25
bb42b74c7dba4c708d831ea3fbdd08ac,AFRICA,22,1,0,0,85
3410af9179774cb2937023c5cf6cba8b,EUROPE,38,0,1,0,65
c344715b1eb147dda17f1ec739f18479,EUROPE,44,0,0,2,45
c2a8e34afdb14c608a06332e60a733df,AMERICAS,24,0,1,2,30
067c3e8ac45d41b0af831b85615edbec,AFRICA,3,1,0,0,46
e12a47bebaa5489abbdc302be7fded04,ASIA,4,1,1,0,72
5a51a5c131944e96bae3ab9f76e15ba1,AFRICA,26,1,0,0,17
0048ea57f9a14174a9fe4f73b2d4a6dd,AFRICA,35,0,1,3,11
b86243f26fb84bb8ab4c48f06472cb4a,EUROPE,46,0,0,0,15
254aa292aa344ef58f2fc1429038a90b,AFRICA,44,0,1,0,24
1a59c9e94f544470833108492d7105af,AFRICA,41,1,1,2,16
7ff34dcf906a4abca5704e180b9cc761,AFRICA,2,1,1,0,50
235c1eaf605f4807a12bfbcfda605e24,AFRICA,6,1,0,1,87
3ae8d583aa774093aef5984558d2bf81,AMERICAS,44,1,1,0,25
fa8803a4995e4365a9ac613c003a5045,ASIA,33,0,1,2,30
f1169c1038d64aec86f3e56005c26822,AMERICAS,36,0,1,2,50
9f56fb9517bb4f46b7c7e96a5c351474,AMERICAS,47,1,0,2,24
f6e36feefb9d4e34a97a610fb5c75532,AFRICA,49,0,0,2,91
4521771ff2cc43b9953c2e0bf9bb3f27,ASIA,19,0,0,2,57
e22d61a1c3d849abbbf940b86cb31fd2,EUROPE,13,0,0,0,49
a0dca26d494249c89ab58bea6e6980a1,AFRICA,1,0,1,1,19
553fb84264b24889a37066d4c99db6ee,EUROPE,28,0,1,2,32
dea790ad8b3046b2abe1672785098f9b,EUROPE,31,0,1,1,39
915db1d950414bc89f500edfc770f9dd,ASIA,24,1,1,2,73
f76c06b6f0eb4ab19ec452ba6d8d268e,AMERICAS,3,1,0,0,18
488c30c02fe94be4b6f962c4187a47b9,EUROPE,16,0,1,0,12
97c6d6b79d1e4e52b541686bec29988e,ASIA,37,1,0,2,12
2c006a672b0f45b48b61a06c51658fba,AMERICAS,35,1,0,3,79
7d3cfc1e1d884d55b8106b9cc51798ab,AFRICA,27,1,1,2,88
f882abf639da4c5c8a831d90fa70d6a1,AFRICA,33,0,0,1,93
5ba1c03a6c1e4f569180fecd541e077c,EUROPE,50,0,1,0,72
9b21476f271645e2812409a8d1fed0d6,EUROPE,38,0,1,1,17
408a8d07fa6c42a8880ff2767fff78fa,ASIA,5,0,0,1,14
52b672f78f86496cbe1ba3e5ed64d823,AMERICAS,28,1,1,2,53
3b58fe7c7c034fc297c35c23586dff31,EUROPE,26,1,0,0,62
976012be59f443888850f2cd2484c523,ASIA,13,0,0,3,89
a206fc22a1d94089831414b36d5cc7f5,EUROPE,41,1,0,1,16
26f7669eeb53476c8d12f7f8cf500163,AMERICAS,36,1,0,1,24
ed5f98c7bc03422d931d8f3549504337,ASIA,17,0,0,0,86
d67f80f3ef3243349a7f391c73db4f86,AMERICAS,22,1,1,1,37
2c87ce87c0674cc2b1e848454b409056,AMERICAS,5,1,1,2,53
0cb9dd9bb2dc40d18e1b403514d8dd34,EUROPE,4,0,0,3,42
cfa81d1d35ab4602a79a99a7791b060c,EUROPE,40,1,0,2,52
9c4869e539f2485fb3eefbf01f07f959,AFRICA,16,0,1,3,65
65f4ded7967e4123aaef38e7e47a547f,EUROPE,32,1,1,2,31
ae4b876b474241bfae8047385e5b636f,ASIA,13,0,1,0,89
8eac5da7f45e42e698363f8742cdb986,AMERICAS,37,0,0,0,26
be27c22a19904d8cb57dba67765f3be5,EUROPE,41,1,1,2,42
5c15d944b44a46f49a37123d7819d55d,EUROPE,24,1,0,2,82
93379aaf9a3348fba55981a4f2afa3b4,EUROPE,17,1,0,0,79
512b4b3d5ff14e4890e7a91db5065b3a,AMERICAS,46,1,1,1,69
3746a5d367e148e693a54bbd29890206,AMERICAS,23,0,0,0,67
311d829f38e449599cd7211ede95d02e,AMERICAS,45,0,1,0,41
3a4803a6bd964274a19c424a8f5f5044,AMERICAS,46,0,1,0,53
31150bbc5e5242848b4154b5a58d9be6,AMERICAS,41,1,0,0,56
878b37f754474b46b605f9acc57fa207,EUROPE,29,1,0,0,25
844947544d2749bcae315faa29c5e29e,ASIA,32,1,0,3,53
aa70b70220d44d4391653792c80a964c,EUROPE,26,0,0,3,6
f3019c6148a8442b85d0e1fa3dd3d4bb,AMERICAS,18,1,0,1,49
296b11d470234ef9bad40b62ec4ad49f,AFRICA,48,1,1,0,36
da7d7a6650464e7788eae7cf6b594c16,ASIA,50,1,1,2,87
9b2a3b3574e2458daaed25945e3a539e,AMERICAS,14,1,1,0,41
ec7b91d93f594fc590d53c14285c521e,AMERICAS,50,0,1,0,6
a53111d4ee9849a6aae0933a6ffa7a5c,EUROPE,21,1,0,3,47
ac78cc976879459fb46b9fbc729d30e8,AMERICAS,31,1,0,3,7
919000d60f584863b6e44ececf13e0ed,EUROPE,31,1,0,3,36
0dc0b427dc3c42ba870630b24d0e9469,EUROPE,31,1,0,0,82
1acdcd6e02b0454eb4407e682cbb9c5a,EUROPE,21,1,0,1,27
d0d9210cbfd9488a8ce264e95a138fc2,AFRICA,16,0,0,2,56
704ef0a1d7204a649e3edf848eea3252,EUROPE,46,0,1,0,27
b6cae6886d9a4988a19f7d878a10711f,AFRICA,38,1,1,0,63
240ae5ca00ed47f5abd44f9844f8b6c6,ASIA,47,0,0,0,50
4ad3d7609fb44eca90220f678d383d9d,ASIA,46,0,1,3,46
ce0f0e9d234d4ff9a10d4f543214adbd,AMERICAS,26,1,0,2,63
e4f561c1bd4147dabd41f2c49cda0762,ASIA,22,0,0,1,44
7d33faeacb194fa594eb70a250f59984,EUROPE,22,0,0,2,44
38b28105ee124054975b65c157cedcc1,ASIA,26,1,1,3,83
df8e5df78cb14405a109fca6af7178c0,ASIA,12,0,1,1,67
efb410d84dc54ada97b8a50735b71a5b,AMERICAS,27,0,0,2,21
6efa79a6ce474177b908808ad489398c,AFRICA,15,1,0,2,39
cd4eb33a463d44089b283ce6934e49d3,AFRICA,41,0,0,2,72
6a8f19a7f21d478d9924f96f3ba4c02a,AMERICAS,12,1,1,1,16
8f3b6df8e49a4bda9ef484f941826fad,EUROPE,15,0,1,3,22
ffdfb65ff7144c098a2aad27d9213e94,ASIA,40,0,1,2,9
94464f76f82f4d41af20b777e5e759b6,EUROPE,23,0,0,2,83
b1d93b4ba5754a2b94e4e19ab64e9ef2,EUROPE,48,0,1,3,73
28d9b1b8434f4c5996958b85e42eaf75,AMERICAS,31,1,0,3,16
192dbf53f5a44b20829a0b4b4c8d6e68,AMERICAS,45,1,1,3,13
21cf591e428c4675ba0a6d258e8de035,EUROPE,27,0,1,1,34
61137d73289d4cee9422b776a21a0b97,ASIA,27,1,0,0,74
184be78ae7764688a6a2290abd92dbf2,AMERICAS,35,1,0,1,90
82b777d5582a48f2af03ca287192dd82,AFRICA,22,1,1,0,36
7016d248350d428aa522e478fc6be88e,ASIA,17,1,0,2,12
af0c6ea563824d89a71219b936388003,ASIA,17,1,1,2,76
3160e929c6c74033923275877378afc0,ASIA,35,1,0,1,67
2317e22be3474d1ba686c39c7c4d4d9b,AMERICAS,29,1,0,0,35
3387f1e570744c19b372695aad1c5b00,AFRICA,35,0,1,1,40
1f9ec6aee0264d88bc023709b29de94c,AFRICA,42,1,0,3,44
7b706fa2267d47aaa547ceb61acd6239,EUROPE,31,0,1,3,45
80241f1a1a5f46e2a6b5e36f6b17bc3e,ASIA,15,0,1,1,19
0b83af22453a48119f2741bd7933e687,EUROPE,48,0,1,2,58
ad1fda3ae78b47ada5e859910fc4e16f,EUROPE,17,0,1,2,98
dee13b9e5d07496e81be76a6e7a2bd43,EUROPE,45,0,0,1,29
6076b0a982b3497f88c9ead2d2f7af93,EUROPE,9,0,1,1,25
103b2ca43c22477b9fcd52ff462eedc2,AFRICA,29,1,0,1,45
a4d216fe056d456da6a58583bb931c1e,AFRICA,30,0,0,0,48
c75aa4cf7bb24350872b8bde865db6e6,AMERICAS,49,0,0,3,82
03ffac5a40eb4955a0a0e10dd69efad9,EUROPE,8,0,0,0,54
f10ef3acd66b4d4bae48ef51e2788cae,ASIA,4,1,1,3,86
98ef3fc158654098a7a716cdd5c517f3,AFRICA,22,1,0,1,51
bf7e376801cd401fa7f876d4195f8c5d,AFRICA,42,0,0,2,46
76a68579dc9b422e9cde79351874a3a1,ASIA,16,0,1,1,54
637b6f823c554b0795767b103d2738b6,AMERICAS,1,0,0,1,24
b8de37b1e3774d24a004d0a915910028,EUROPE,49,1,0,2,39
eef58cff39114adfa3fd96365922cfa8,EUROPE,10,0,1,1,12
41c34026c16d4f9fa9da5bcce803c2c9,EUROPE,9,0,0,0,57
b8238b9ddc4d43e08bd655aa98e77121,AFRICA,1,0,1,2,28
381f849c0a3e457d8cbc0e270e7ad1f9,AFRICA,27,0,0,1,56
3dd1ed736d7c4b77bcddf4ce0745a686,AMERICAS,14,1,0,2,91
665318102622456393490cb23d9eb2eb,AMERICAS,20,0,0,0,98
042fde5b58e74cad88b4ae031c970b80,AMERICAS,13,0,1,0,51
f775980b779a4aa2bf0053cc9ce29b84,ASIA,6,1,0,3,70
4b61a369b94841338ebf174e726bb821,AMERICAS,31,0,0,1,41
b88f946f321644d2b79b5b5256ce309e,AMERICAS,47,0,0,2,88
c1cffa84a1874030bb1f551104f984fd,EUROPE,31,1,1,1,100
68b3d44bccaa4b1b949972df048b4783,AFRICA,42,0,0,0,72
9b438d3436fa4e92aa8f10b5a30b77f3,EUROPE,39,1,1,1,47
80771c35e4f44ca19db4b3b8f15a92fd,EUROPE,6,0,1,2,55
00e587f3693748419e3747fac3370cab,AMERICAS,38,1,0,0,41
f0b74746307d403090ba260f106a1174,EUROPE,38,1,1,3,80
84126a95e2aa4706b9f8f7efd4b080fe,ASIA,37,0,1,2,54
efc1f97b5c7144cdaa12665797f40140,AFRICA,14,0,0,3,21
b578ac588163461eb380cfb9784a8ecd,AFRICA,42,1,1,0,99
8853b645d78f416d9825c2c41237e5d2,AFRICA,29,0,0,1,16
69092f394b0a4345bf9c5b015c52597c,AFRICA,9,1,1,1,40
fb4a3375e0d641a29c09569462d80320,AFRICA,20,1,0,1,73
d52d378ce6f044ef96d59061a4cff6fa,EUROPE,5,1,1,0,20
6b4cef355adc4e1ca6feb4fcd5e999c2,AMERICAS,48,0,1,1,75
fdf7f40cdf5c490bbabd3c2959bcf149,ASIA,21,0,0,3,3
06a5ecdd06074822a3e37123f26f838c,ASIA,27,0,1,0,4
322289532ca84febba61ab2b0df195e2,ASIA,41,0,1,2,61
eb6c52b90f1a4e549bc9e00a6e8d6310,AFRICA,34,1,1,2,94
a2293bf8d6fe4e72894a358b07b66c15,AFRICA,36,0,0,0,33
f772bb394c2644b2880c0dab607a0278,AFRICA,28,1,1,1,88
98f7a215ac0e4e919917b16cb6e43cdb,ASIA,17,1,0,0,24
8d1867b914b64ea589fb249da7943844,AFRICA,3,1,1,2,78
85b2002c3cde47159bc6d415afa5d0b9,AMERICAS,34,1,0,1,90
65d8b6639a2148d6933c1816761a1b52,AMERICAS,17,1,0,0,78
ec751a33cbd741a59f67727772d0a095,AFRICA,12,1,0,2,38
907136b2e6c9414b851218a7461e6a84,ASIA,28,1,0,1,58
e0a99be1dd7b43129e07881d46788402,ASIA,22,0,1,0,54
aa35d25469344c599dcf9530e8dd36f6,ASIA,40,0,1,3,51
a1ac7e4252d741e5a3ab00733e77dc1c,ASIA,36,0,0,0,60
034268cf233a420b8a081553a5a917a7,AMERICAS,4,1,1,0,3
b462821abaf94564a3d9e17146f4646f,AMERICAS,6,1,1,2,58
d6daea36913547eb8187e9ad2fe82b47,EUROPE,13,0,1,3,14
0d2a48e7515a45b399625d82cd762d3e,EUROPE,25,0,1,3,23
cd8b10d6dfd94c619e26b3cdaf642d9b,ASIA,17,1,1,0,25
ca5dec1376aa48df87c6892227015bd0,AMERICAS,20,0,0,3,39
10397e7c0aa146589f149080f51ced8d,EUROPE,1,1,0,0,54
04ce8b840b9748e094e0d258df062c56,AFRICA,23,0,0,3,36
24d2514379524ab9b17b88155119ef04,AMERICAS,6,0,1,2,66
58e2c8815e6a42a38911a6fb2f2f44ca,ASIA,42,0,0,3,50
33c4e5e19b374239a0e0157e82aec0de,AMERICAS,37,0,1,0,26
223714cc643b4b40990dce095cd9a245,ASIA,10,0,1,0,69
c2183ea80bb24f74a8fc35c3e537cb13,AMERICAS,20,1,0,3,79
ed5dd109e39f43c68079983527d85a58,AMERICAS,49,1,0,2,32
04a8811239844276b5fb4132fd13305d,AMERICAS,35,0,0,2,28
efaddd03b1db4b7fa0ba671a4204ddc4,EUROPE,14,0,0,0,35
d77bc4b450d1419d93a48c6741fb2c06,ASIA,30,1,1,1,4
a03b5e90d6754a93811fd538d3850f58,EUROPE,28,0,0,2,67
b8db8d94755746e38073dc9a1ccd586f,AFRICA,15,0,1,1,45
d5805d54f50d470fa3fd02184f68d92b,EUROPE,24,0,0,0,54
1dd2844c7bb94a23ab0b2385092f9473,AMERICAS,28,0,1,1,70
ea25d906d6794cbaa0d75b150a7cbfee,AMERICAS,22,1,0,1,72
ea6cfde16ae847b38c1e637b0ee5d373,AFRICA,16,1,1,1,1
494c2351e5dd4d9899b09817003e5e82,EUROPE,42,1,0,3,34
7d16b20eee654db490dabcb931c21450,EUROPE,35,0,0,0,63
d451bb06476c4a3884ecdc570ff0cc08,AFRICA,1,0,0,0,68
d27074ed3a12482e81b6b5b7882e0036,EUROPE,20,1,0,0,17
7c48753440de41c5925e2fc2e9246c10,AFRICA,30,0,1,2,36
acc65d9e646446ff8a5fd81050a9c7f2,AMERICAS,15,1,1,0,1
db61e254efa0466099d5831cfe25c4a1,ASIA,46,0,0,1,64
b8a42f111b90442b9dd785538e0622df,AFRICA,15,0,1,1,67
7b5cf39da1cc423abecbb7ee36eca06d,AFRICA,20,1,1,1,23
2e4c8e15a4a242fbba9e332fc9cb19ff,AMERICAS,15,0,1,2,72
ee2a54e81a7045b2970ddcdc010ba9a1,ASIA,23,0,1,2,37
1fef3d48e9d34b2dab8e1a9f624927f4,AFRICA,30,0,1,3,93
84d1f5bed3f741bf8e149daa8af9447f,AMERICAS,24,0,0,0,87
6226e0c5b5364bf8bc07ad08e6499a3d,ASIA,18,0,0,3,28
54832833f7f04984866848fb43997ba2,AMERICAS,24,1,0,0,21
d28d88e0b8b0429e9d84286e858a8eeb,AFRICA,36,1,0,2,89
283d0924e45748ecad0e1ccf53de3493,AFRICA,43,1,0,1,56
ba15c2f8cf874dd7abf83df67e0ef3c2,EUROPE,1,0,1,0,53
100a19a2b65f47a8bae0a3ac43319528,EUROPE,2,1,1,0,1
32782a0092e14c81aeb331aff842f691,ASIA,45,1,0,2,53
0268eafeed3f4f408a382a154e1cbe6a,AFRICA,9,0,0,2,48
f68c4dc67903429bb9f034cdce051d57,EUROPE,22,0,0,2,41
f8acd65289514554af12d05965b10c01,AMERICAS,15,0,0,1,44
572507f41f6840ae91091978154b1c94,AMERICAS,50,1,0,3,72
9b8b782ab94f40fdb817c41e5920cedf,ASIA,41,0,1,1,41
ebea2de946d74ce4b521e12e328966e9,AFRICA,36,0,0,2,68
e884b7faf66e47688df3643553698759,EUROPE,11,0,1,1,1
aec2a3eceaa84ecdac7e241c23f3d481,AMERICAS,13,0,1,0,82
71528097086a40d585521ed2bc2ac08b,ASIA,36,1,1,3,50
e0c3ee1613a74bd4939295baac43828e,ASIA,41,1,1,1,28
2c6d1600046442598a2561b90119b1b1,ASIA,7,1,0,1,66
65d4796f4d8a4561950f3973ed7b635b,EUROPE,50,1,1,3,72
53d08c0d854143268e83db1b3f6681b2,AFRICA,32,0,1,3,46
86778f218c814e18a409744bb7328725,AMERICAS,27,0,1,0,70
8d8f6d3735fa404f96838ffda679feb9,EUROPE,15,1,0,0,79
79ba15375c0b4fd2bfb56d0c17300c15,AMERICAS,34,1,0,0,28
b78899fa3bd443c6bdd91083355b7d8f,AFRICA,7,0,1,2,40
007f153a350440e9b831c07dcff166b1,AFRICA,27,1,1,3,92
309962342cf540b2a90d1f08538bb34a,AFRICA,10,0,0,1,37
ef156878f53f49ffa7fdd54a096425f9,EUROPE,21,1,0,2,72
d9b528d5706048d0812b7a1b4d969a54,AMERICAS,47,1,0,3,97
0b20707d5a174b5ea72be3c7cea80343,EUROPE,8,1,0,1,93
471408013a2e4dc7884d2ceb422e5ff1,ASIA,44,0,0,1,38
93e7393687cd4bbea7f9e6be1262619e,AMERICAS,38,0,1,1,70
9cfc8156320e41bf8f1a78142c0c41f6,AFRICA,34,1,0,2,17
498d2209a2fb4412b258884eb5854b81,ASIA,45,0,0,3,35
c42776c44e784df2a31087a71e63515f,EUROPE,44,1,0,2,91
1f484f835272486b969aa87f0c7b7b04,AMERICAS,42,1,0,3,3
e0fee56d6fe849e4a1a96a0ed9c1a6a8,AFRICA,18,0,1,1,82
f08f33c48e264a4691f367ddfd0e1901,AMERICAS,24,0,0,3,32
c3d4dee6b71d4584bd72567e8d31d370,EUROPE,32,0,0,2,22
05eb2be9662e4879bb294416a459e178,ASIA,34,1,0,0,34
9643d6b5434a4bb4899153ce60e319b5,AFRICA,18,0,1,1,27
8465a77b67bf4f6ebe733ac846f221b5,AMERICAS,30,1,0,1,21
e03be0a6257d4aaab63bab9b1703d6c0,EUROPE,21,1,0,1,11
281ca44d82c649a98c346aeb78e4db55,EUROPE,22,0,1,0,97
a90023bf77d04fbc90bf6b6ebb86ba76,AFRICA,38,0,1,1,69
9e20d2e6728242faa62cb4884b463f98,EUROPE,48,0,1,2,89
2e0593c634d14575874d641d3d853dd0,AMERICAS,33,0,0,1,83
34028773fb9049869255a934bb66095b,AMERICAS,21,0,1,0,20
1c0a8731bbac476f9259ac326923554a,EUROPE,41,1,0,2,30
f2bf7eff43674bf3bd2106fbdc1afe4f,EUROPE,38,1,0,2,54
8d66a4f0f2374a8eae3b7a52a3fd102d,AMERICAS,39,0,0,3,16
a0b3b8653b5e4831983142b9eeb85cff,EUROPE,35,1,0,0,55
a63ac81acd87490cb06a48a4a7df0cea,AMERICAS,10,1,1,0,3
ff347979f45a47c3b17a6f68614ab656,AFRICA,20,0,0,1,19
77096f013e4c4b23b83b8fd9f77abfb1,AFRICA,17,0,1,0,56
a9a91d2361e244588bc0f1d90fdbddb6,ASIA,37,1,1,2,85
17a2e9dd8187486dbbec12a7c0c08b94,AFRICA,29,0,0,0,71
51e6fcdbc81f4239bbd5c1cbc7facbde,AMERICAS,43,0,1,1,58
aecedf1f383549d088547bdfb32c417e,ASIA,35,1,1,1,76
92ddbf2ef2264858b583b19b60b90ae8,AFRICA,19,1,1,2,3
51797b017c544d139dfeaba05af724f7,AFRICA,30,0,0,3,85
711570a5b59544e1b705a84eccb772c4,AFRICA,9,1,0,2,3
dda2318e20784d7bb095e492a54c7ad4,AMERICAS,2,0,1,1,41
ed1e28f2e02046d2bcd358346cc440fd,EUROPE,13,0,0,1,73
8574a482bd284ef29e3733ed14594188,AMERICAS,22,0,1,2,73
42c7a3ce62c84c6b849e8d4cac55225d,AFRICA,1,0,0,1,23
7d4986e3015045319c604d20581dc53e,EUROPE,41,1,0,3,90
8fbb1601d05048eabd77c06247c92613,AFRICA,7,0,0,3,36
94abe929facf4064ac8f2fca2d18f248,AFRICA,40,0,1,0,44
933d48477125485bbf84c5e934d1ecd2,ASIA,10,1,0,0,7
b50d4b6df8a947028f710ab9134499c3,ASIA,44,1,0,2,56
ceb3b43b9f3746c7b51846c8b6696534,ASIA,41,1,0,0,9
dbe30f2ddaa34e28896bc28a87422000,EUROPE,24,0,0,0,80
6b736e6647b84e14987d8a486bc31cf4,EUROPE,46,0,1,0,17
0e89355b027945b981177b8869cff609,EUROPE,28,1,1,3,2
77313a72114241aa81182da6a3222e8f,AFRICA,32,0,0,2,38
bc22a86a75744aebab0a2a23c1f4846c,EUROPE,1,0,1,0,6
bb77dcb92c624802a5d57eeda34e3703,EUROPE,34,1,0,3,27
179e96064ff14baa88ab3f7af2a20fbe,AMERICAS,11,1,1,0,4
346e50ec300c4cbf929864b675b167bf,ASIA,12,1,1,1,27
600c59ca39ea4dadac92d0263b230f4e,ASIA,22,1,1,3,88
5c2abd46b31a4022a47a60e4bc73ade5,AFRICA,38,0,1,1,64
d1a70120fa5b4ef78ba3d70e52b2a71f,AFRICA,14,1,0,0,3
65ee99cec75743e0a90fc5b81bcdc585,AFRICA,8,1,1,0,91
2444a8a8ca054cfbbff4f14b8bbe6186,AFRICA,23,0,0,0,15
36dd7ba49de5401c93e9441c75adf489,EUROPE,44,0,1,2,83
10c1b5baea424df0a1e7c6d7c4c9969e,AMERICAS,5,1,1,3,19
d18f99b3940e466aad1e00af639abc50,EUROPE,35,0,0,2,83
94a4d26583574a6194835cb343e4c190,AMERICAS,22,1,1,2,74
10306fd0b21d40f5ab2b435ad32684fe,EUROPE,36,1,0,1,53
7a91548a092e484483831f26281f49e3,AMERICAS,28,1,1,1,5
6d997370df9f4762be63396cef2b6871,EUROPE,34,1,0,0,33
284210ea1e6b41b4814ac42cb7691c1a,AFRICA,9,1,1,2,50
4c2653fa90444bf7879baf5c87a79d44,AFRICA,35,0,1,0,87
304e6ee62b3a473c928d0c56030b74a5,ASIA,30,1,1,3,90
adfc41c1eed549adbeea711c00f84619,EUROPE,10,0,1,3,77
b0d531b5daa048cdae5e215b694fec11,AMERICAS,21,0,0,2,2
45a11ea4bdaa4f9eb29e4a541a025e8b,AMERICAS,23,0,0,0,9
bd4fd6c85a0d4a519c9e31f6826e81a0,ASIA,1,0,1,3,99
192eebedc4e8455a82d36781108ff92e,ASIA,49,0,0,3,81
213084f43a2845449ac31bd5d1878ae2,ASIA,42,0,1,1,61
a38498782df54d5389e235288f20d355,AMERICAS,8,1,1,2,68
0c0d532fb53d46229a4d47b73e348aed,AMERICAS,36,1,1,0,86
fd7ec1c261ef4282a87f8f0cf28e7170,ASIA,22,1,0,1,16
ca72ec266c78422cad7bc70214325735,EUROPE,6,0,1,1,93
171ef7d29e4d47acb9b346de1ad192fe,AFRICA,16,0,1,2,81
3ab74e3296864eb0bb7dfc73d4dcf490,EUROPE,43,1,0,3,98
34283ee989c3487d8f74ad210f1a5eb1,EUROPE,13,0,1,0,98
5872b8838f7b4fd2827a32d601f9d2fc,AFRICA,38,0,0,3,81
c4602d8efa424e92a02969854be6f390,AFRICA,32,0,0,0,80
943686893b6444dead1a9356c88afcd6,AFRICA,42,0,1,2,46
3663ffae20d24d6287e453f377bc7f73,AMERICAS,41,1,0,2,41
5df0933b3ad54f7cac98e4deb1daa465,EUROPE,31,0,1,1,81
e863051b0f024f58a9a7b51dc15e25ab,AFRICA,30,1,0,1,56
815b1dc818624625820ec017b85aca15,AFRICA,30,1,0,1,11
21b607d3f55a4950ae97cfb39889c019,AFRICA,31,1,1,0,20
743cf917b8074120b5d8fa6160b81437,EUROPE,37,0,1,1,32
eef7ba972b1c4ab4aa3ea96293a29e63,ASIA,33,1,0,0,96
046c0de42d304fd9b625e3c53aa50f4e,AMERICAS,1,1,0,0,38
37459db2897942edb9c0fb84624b68ee,EUROPE,12,0,1,1,83
96210a3c0ea4403aa39c598d27925c33,ASIA,10,0,0,2,2
18b60dd61bc7484580e7634bf60e9286,ASIA,23,1,1,3,32
d9633758176f4ea1aa100a12a0218577,AMERICAS,10,1,0,1,30
8e80b32a692141a883770f228f1ab6e1,AMERICAS,44,1,0,3,62
95fe354da4254b48bff21b865dea9507,AMERICAS,45,0,1,3,32
20ff12af0ee746678b5fe87852c5af01,AFRICA,19,0,0,0,3
15a48abd05044d818c59c1156abeae89,AMERICAS,21,1,1,0,70
cb6e31c489d849b5b53640c7d7bd4cde,EUROPE,26,0,0,3,11
8ba6aef1771444279cd29aec8c9f270a,ASIA,31,0,0,1,6
c4d211b1dda4420db503739e840e9170,AFRICA,30,1,1,0,62
36251b7073714523862ef842f16dc1d1,AFRICA,23,1,0,1,20
a292ad4b0a0c4814bc423884bc2bdecb,AFRICA,40,0,1,1,69
06721d5567aa4dcdb4039f0d218ac583,AMERICAS,25,1,0,1,58
daf11de104ae424d8422e0f6da0e793c,EUROPE,45,1,0,1,88
2c3aba019aa44af1833ee51140da369c,AFRICA,1,1,0,0,67
980467f5e1594b7b8e7815d99964ff76,ASIA,4,0,0,2,14
ce5792d722f24af492cb923d6a4b3e48,AMERICAS,15,1,0,2,52
0b871f0190994936907c8b03b5e6a28a,AMERICAS,5,0,0,1,77
b840dc85dc13454eac11a3202e83ebf3,AFRICA,1,0,1,3,37
83189d31ec0e443dab9de7288a8583db,ASIA,12,0,0,1,18
a29673c8051846c89c4836cf7bbc4c2f,AMERICAS,18,1,1,0,82
98e11c02fe1b4786840704d38461ad50,EUROPE,34,0,1,1,22
677235ae407b40ccbd816b25bcdcb15f,ASIA,2,0,0,1,78
539fcf5d4cb04119b32717d166df848e,AMERICAS,20,0,1,0,79
4cac129205d4494e9b245973df80608b,AMERICAS,4,0,0,1,70
b26a85629bd84755a5e8f3dac77f9f61,AMERICAS,15,0,0,2,5
11f7aeac24274ac8ac2171ee7c961733,AMERICAS,39,1,1,3,33
44fe1e909c0f4af6941cc53d55995a01,AFRICA,23,1,0,0,98
30b5e2c467b645a3940ef721b456e5b0,ASIA,26,0,0,2,37
83977651834644a7b70c1680572ca524,EUROPE,3,0,1,2,4
d527cc86e6534319b5312673915e1b55,EUROPE,25,1,0,2,20
c4c77faa8b014e4184f411fde2a795a3,ASIA,18,1,0,2,75
00ece66da85c427091256af6982d7bb4,AMERICAS,28,1,0,3,62
9d7f715c08464382a14cf764a0cf21ba,EUROPE,26,0,0,2,24
76cc1068acf84d72af677d5f10379d6f,AMERICAS,18,0,1,0,1
80126433ca764ee787efc9b75a42a99b,EUROPE,43,1,0,3,93
5127e49346424ba4a3fadc6d02ef522b,AMERICAS,28,0,1,0,85
a21aaf7d1a7141bf81742a998e02f7f1,EUROPE,3,0,1,1,66
e4a5a40a2a774b9b833b441ac8a03f8a,AFRICA,2,0,1,1,35
28d5bac9f02c48e4aba354c6f5cec0aa,AFRICA,47,1,0,1,37
643638e4bc0943a58e701b1c5cf5bc71,EUROPE,24,1,0,3,32
590b32bce2434eab973a10e814ac958b,AFRICA,33,0,1,3,87
59a149639b8d49938c6237e606783dbd,AFRICA,35,0,0,0,11
ffadf3cee9a14a2aaffd64a91f93b521,ASIA,6,1,1,1,69
279c721deda64e278afcee11e8f244a4,ASIA,19,1,0,1,49
ed2e33f140334af6ab155861f573b30c,AMERICAS,34,0,1,0,80
2f712258bc68444898e478775b982832,ASIA,8,1,1,0,4
bfbeaa26f36744b7bd5a11f1425d19d1,AMERICAS,15,0,0,3,38
a67f710079434e36bf9f2fa8b443dbec,ASIA,26,1,1,3,60
43630a5447214d75a1e5e3733bc907bc,AFRICA,23,1,1,2,32
0e508588f826434c9b56a539ce087a62,EUROPE,35,0,0,2,41
3a36ea60f3c64cd0ab685b05c0c3a001,EUROPE,27,0,1,3,93
a883f6fcdbb5478887db51c6aed8a93d,AFRICA,41,0,0,2,72
39a13fbfd7014ff088ecb03fdc4c381c,AFRICA,28,0,1,1,60
946e805cc281465fa0bdcee101e4b180,AMERICAS,27,0,0,2,15
248901b3a7704441a86b5d80c5d2e39e,EUROPE,24,1,1,3,60
ef391c91e5df4cc1952285bcd34dbf59,ASIA,42,1,1,2,56
6e730ad11e5541cca2c1598ab003c5cc,AFRICA,6,1,0,0,91
8651f48c176b45719597ceb5fc10ff70,ASIA,41,0,1,2,49
fe6fa11da03a451797a70daaf4096e99,EUROPE,21,1,1,1,25
2be011e891fc40ffa092154f42568982,AFRICA,1,1,1,1,94
c1efd813e294408db37c5bbb48c25220,AMERICAS,8,1,1,2,67
072bb11e48bb4ee4a19df399791a0394,ASIA,3,1,1,1,12
0772432766f443fea7001f6f08ee5966,EUROPE,42,0,1,2,75
16b41ddc9d014be6926c486d3da80385,AMERICAS,28,1,1,0,2
c6a58425966243f4b0da0684e57b7732,EUROPE,12,1,0,1,44
d5ff2c8b193744c7aca5d84d8d51aec8,AMERICAS,20,1,1,3,74
be326fb0f4f24961a0f9b54d288eda5c,AMERICAS,5,0,0,2,95
a22e9bacf778409881fa28411aa96608,ASIA,47,1,0,0,11
c1a032a6be5b4d1aa9762ca93d197114,ASIA,43,0,0,2,89
79e879d43fd04a73879d2973ab64633a,EUROPE,29,1,0,0,63
6a42a23b5e4e425db2a666ca370532c6,ASIA,20,1,1,3,12
e0b6666949fa465a97686ee157a23938,ASIA,4,1,1,0,73
476c4988fc1843b6938f9cd8664094e2,ASIA,25,0,0,3,28
409dcd39888a41638649724036160bba,AMERICAS,1,0,1,2,71
71eacc81bf0b4b7887793efa2ddb5d75,EUROPE,14,1,1,2,8
c56525f9778f4f40b052cbb75220d7b7,AMERICAS,50,0,0,1,94
3abb13798a4f4b009a708733e8042525,AMERICAS,31,0,1,2,10
37045fdabebf424cb1e81be5c835f345,AMERICAS,46,0,0,2,96
52857c976c7a458a84cc7276129b7047,EUROPE,34,0,0,3,20
8a99c888f0a24fdab3be6b1e19774eb6,AMERICAS,40,0,0,1,5
166243dedafb406d864aa03adad0d289,EUROPE,4,0,0,2,15
e5b05f4971604c1ea3e94278881894f7,ASIA,25,1,1,2,37
2ccc807446d64568865e7718238396bb,AFRICA,19,0,0,2,97
a60e4b7cc40443a985390d99d3e0c94b,EUROPE,7,1,0,2,48
2b809c7f44a74fb3a714d8fd4dafd18d,ASIA,30,0,1,1,80
cf63e5131a3f458e83270398e4da8afc,AFRICA,28,0,0,3,70
689d77ba99734b52979517bea9d5a8dc,AFRICA,2,0,1,2,3
27d4b44e1a9d48deadcb5bd92fd222d8,AMERICAS,10,1,1,0,88
122c17dad8ad4dceb9b12a98a732caad,AFRICA,23,1,0,2,88
2a80c7a1b17a4f07a7b3588284b1a5cc,ASIA,26,1,1,0,47
1eef1f240c82493bb16aec798e658a3f,AFRICA,50,0,0,3,44
68f82ca969ee4d6589d69e9531eb713e,ASIA,44,0,1,1,77
07e1648036db4cd8b7a3c1a0becc0170,ASIA,22,0,0,1,22
414ca390d4174aab90daee9fe83eba18,ASIA,17,0,1,0,6
01f49817d919494abc7b871dd6407749,AMERICAS,4,1,0,2,21
c569921ec17d49df8096e2043086fa22,ASIA,11,0,0,0,26
27434a299c8545bbb8dd239e70db08e1,AMERICAS,21,0,1,2,38
df0b81f0fe7f4f089bbac4aefa980687,ASIA,16,0,1,0,6
b08c6b8c75994fed98a73dca5e43c706,ASIA,6,1,0,2,13
23df9533ecee4d329eeb9ceef56d5150,EUROPE,14,1,1,3,71
1aad93e31fa64a7fbd96f3d79186e596,EUROPE,18,0,1,1,29
e41fc65bff4a4342afe803c3d8d354b7,EUROPE,31,1,1,0,67
20e9d3377ff044bfa7bf3eeb2aac46a9,AFRICA,10,1,0,2,64
1cfc64e67b18472da5d96bb54d6e8be8,AFRICA,15,1,0,3,61
a7494a104d2c4ebb90e1f35de5de2e6e,EUROPE,26,1,0,2,38
bc0de822bea24b809613b697c6a1f7da,EUROPE,21,1,0,1,16
5cd9dc6a12a946418735080a15821201,AFRICA,11,1,0,1,25
96c18c0f1074430da36f821beead50e6,AMERICAS,47,1,1,2,19
c4fc7d2c86374a479a47af36854dfa67,EUROPE,9,1,1,1,87
213f11cee09748e7ab3d8803a35c2e81,AFRICA,38,1,1,1,52
c5bcd4a2ce0b4b41a93e3b382a92d1f2,EUROPE,43,0,1,3,40
5b996210d5e84362b9cefe8d98ee20b4,AFRICA,7,1,0,1,78
ea83af6a27824eeabba02f80af93e3ef,AMERICAS,1,1,0,1,70
f18cd650236c4ec5be539459a8c1d60c,AMERICAS,37,1,1,0,34
f6d3860be82e4242b21edbb65f5f8505,EUROPE,23,1,0,0,79
f6d955f53cc3449cb0dfdb8e711b9dd1,EUROPE,6,1,1,2,45
5137d74e4fbd432898a9577805f99cd3,EUROPE,33,1,0,1,51
ddc62312920645b1a1758b2db5955baf,ASIA,49,0,1,0,91
5b3887f000fc4a89abdff3e29ba13a65,AMERICAS,29,0,1,3,91
0c41f0b4ef464a62b375b9f4e5a393e4,AFRICA,6,1,0,1,8
c9bfcf2343ae4c19927f80b3c0d00af9,ASIA,8,1,0,3,31
9174c3571b364bb8990f16548e76b797,AFRICA,48,0,0,0,16
410e5c69b41b42299d63d9a74acc7c3b,ASIA,14,0,1,2,14
6d2fad9983254048889e026e1f584db1,EUROPE,33,0,1,3,63
77f70300a7b446919ad9a29c1c552c37,AFRICA,13,0,1,2,77
ae1f62d2fbf94e9b9f32b9ce44a592be,AFRICA,15,0,1,3,15
0089ec2b96c048e7b9a1a975bb6d35ff,EUROPE,20,1,0,0,30
f383195b373f4a5fa9b7a9c965efc738,EUROPE,35,0,0,1,26
4bc86f4adf0c4a2f9d56b1d88e4922f5,EUROPE,1,1,0,0,2
ce51f35fb0c8412cb923084ba43daea0,ASIA,44,1,1,3,34
5a70d0864e034375958ca8f35d11db3c,AFRICA,23,1,1,2,14
e3fc489a7c684ca787900b56440faef1,AFRICA,10,1,1,1,3
9a35b0632aa5493c8f0d4739906153d8,EUROPE,32,0,0,0,41
2361b81ff6e54714997bede3c45c24ea,ASIA,19,0,0,0,33
144189599cb045e3a0a4c912df2cbf4d,AMERICAS,25,0,0,2,18
d28b561111e14a87884d4b0e7327fe29,ASIA,44,1,0,2,44
29e15f8b0aec4edf83b0544e31f777db,ASIA,32,1,0,1,87
aa0d09124dd343aa8035c05b75494dea,EUROPE,13,0,0,2,36
58ae634ab512462bb11c2ac675b882dd,ASIA,24,1,0,3,65
dbfb4a3ca5a34b4d9ed17364d4b2037e,ASIA,13,1,0,3,29
fd90068f2e674d71ae2b0e5557a7e000,AMERICAS,12,1,0,0,12
cc9ed19f7a524e4184d50e9f3e4cf17d,EUROPE,13,0,1,2,86
83add4c1814b4936a79a9529614c48b7,EUROPE,11,0,0,2,13
7e78b867083846e4977eaf630935e098,AMERICAS,35,1,0,2,5
5b33994351694897a344ed81bcbc5ef8,AMERICAS,28,0,1,2,100
85b2503542464709b54364dc818b751b,EUROPE,32,1,0,0,42
bbb76cf29352457690bb2c1289cf5d32,AMERICAS,41,1,1,0,9
c3b238e71820448fb0a670c5f993abbe,AFRICA,16,0,0,3,66
d4d78243a3304b038860f48f2f151dd7,ASIA,6,0,0,3,94
a3a0c51d64ee44daae61201b409ecb3b,AFRICA,5,0,1,3,56
8b2e8cc2771a49778fca091f480f44df,ASIA,1,1,0,1,11
6b4110254f474c0189067dc7f2e9f404,ASIA,26,1,0,2,16
dd2c7bbb8d004596bc7807e92374cafd,ASIA,39,1,1,3,85
24426e405d9e48eda326c7a6d75d83d9,EUROPE,36,1,1,0,52
baefc08cf4684ce593fa3a565cd5ae8f,AFRICA,45,0,0,2,17
f8606c49a96647a1aacd84e5758aceed,AFRICA,22,0,1,0,81
142c4c1dc64a442d84da078fe0e792d8,EUROPE,36,1,1,1,39
6fb068fc191f45ed854d566dc8fd11bf,ASIA,47,0,0,3,51
5951c0cb8c5f4edf8815e94106515325,AFRICA,49,0,1,3,34
153660ec414148349279e75e941f41e8,AMERICAS,13,1,1,1,81
eb89fe43699148d9ac2c9418fdb57fe4,AMERICAS,44,1,1,0,49
f0beab57b6ba4802bdf35787eb30ba51,EUROPE,7,1,0,1,85
724575505ca14387b1fd5842057ad177,ASIA,19,1,1,0,10
ae533c41f70f41f3af19bf4e0fce7325,EUROPE,27,0,1,2,91
e7d4038bf61846599a3e9c01d8ab2b84,AFRICA,47,1,1,2,43
f19bcb96f3f64fbdb3be01e1d5145bbf,AMERICAS,38,1,0,0,2
0e54793d0bd2434ba7061fda0bbd18c6,AFRICA,17,0,0,0,26
6e30b70de419409bb6b3c802f7f3fddc,EUROPE,33,1,0,2,37
1b6424ed53f540078b9b9d904e8654f7,EUROPE,50,0,1,3,69
69cf344cc1864358a4ce17bb90af933d,AFRICA,5,1,0,2,81
7960f950a98949caa41f258a1d557efa,AMERICAS,11,1,0,0,25
f7897be9723141f7adae68f9a4e5ac84,AFRICA,3,0,1,2,9
7b0bccc871bf46a69d81b968a46b8fda,AFRICA,26,1,1,3,77
9729516ac8d34e85bcf03b437a5069f2,AFRICA,7,1,1,2,50
6e07ea3fbce246acb2a6d38ba45dbf36,EUROPE,18,0,1,1,59
bc29f0fc16634fc2af2410861908ce73,EUROPE,50,1,1,3,18
1cfad39c9540451ab35fa78dd2a1ef46,AFRICA,42,0,1,1,95
8331a04651dc4694b0a65e93a0bb5c13,ASIA,39,1,0,2,35
8d0973fe4c514a42a9224cc79b25b769,AFRICA,22,1,0,3,4
0e4ec897ce204fe4887d41400cdfb13d,AFRICA,33,0,1,0,33
ee65b98b30c6411b8542e1604801acc4,AFRICA,23,0,1,3,49
33aa1f9c60344efc94fba8df43d03260,AMERICAS,26,0,0,1,60
9883aceee9804c0496725eae1e98a20c,EUROPE,39,1,0,0,88
ccb51df5fefa4d02ac39539c4aed01bc,ASIA,8,0,1,3,47
0a0bc6c506a24dc4a43e747705cc4193,AMERICAS,41,1,1,3,75
86222fa5172e49069edd54ab424c6947,EUROPE,2,1,0,1,12
c1d9671b585643e3a4fe1c2b7fdba938,AFRICA,32,1,1,2,26
8e02ab40339842e18d12d733e07ccd76,AFRICA,25,1,1,0,81
d8b869257f814eb2b57b8519dbf228b0,AMERICAS,27,0,1,3,52
4b89078ddd534076be1df8a5509d9c79,AFRICA,23,1,1,3,95
ada9ddcbb7464af58ddf5e98629011e0,EUROPE,19,0,0,2,75
2d762feca9dc4addbc9e604d1d57fa55,AFRICA,5,0,0,0,50
26be4510286a4b888e446bff0a8e6911,AFRICA,12,1,1,2,53
8cc4aed87dac47beb2eb3d0a553caf9c,AMERICAS,45,0,1,1,79
01aec8772f504dbe9b5d7a154ae6efeb,AMERICAS,22,1,1,1,4
9dc37e1b30d2499992497ed695db5c41,AFRICA,39,0,0,2,16
4769312b6e514aab8d881cdc465fe3da,AFRICA,6,0,0,1,36
bb4357733fcf479aab09adf3900f3cd3,EUROPE,8,0,1,3,83
fe22f8ae3d19460baa9defd5a8ca7b95,ASIA,33,0,1,0,25
3b250cb0dc874575b495c14da39e4bd2,ASIA,30,0,1,0,91
700ba05233194c9185b51745a5059693,EUROPE,38,0,0,2,60
170f4824698947458f755ba94b1fb2ea,EUROPE,38,0,0,2,63
dfd6542d11af4603b7c7024f4db9db02,AFRICA,25,1,0,2,3
9213622ae42848cdb093c6ccc180fa6e,AFRICA,47,0,0,0,38
f66ccd5cb63a424aa2e781779081681e,ASIA,35,1,1,3,10
93680553d0cb4cc1b989dcc8144af59e,AMERICAS,48,1,1,3,90
fcfa191aa6f44fde96f42f572e016442,AFRICA,41,1,0,2,63
8bfdb183747f442695371dbc0f877ca4,EUROPE,13,1,1,0,68
929cde41fdbc428eadc81a2334fce3e7,EUROPE,15,0,0,1,20
a108049ac6ee48e08e48f131cb4e91cc,AFRICA,17,1,0,1,52
b04c632c9d9b49889472218c749da2c1,AMERICAS,10,1,1,0,62
a43ce867d61d4fb584c5b46c2143e9da,AFRICA,30,0,0,2,78
0cf88e18ec5046d89d7a17aa09d42278,AFRICA,41,1,1,3,46
82debb16165c439ab8be627adfa3d495,AFRICA,1,1,0,1,72
82881aeba48f4f3cb211dba1ee373c2c,EUROPE,42,1,0,2,24
5ede64e000b84446921c9e57f6e25088,AMERICAS,12,0,0,0,89
ec36e522fd32451ebcb8ffeba90977ae,ASIA,5,0,0,3,97
ddda4a5c6286401387971eb75a091f73,AMERICAS,29,0,1,3,53
682175ff618c45b683621011ca06a53e,ASIA,49,1,1,1,3
0b38dc1d33124791a95757b5f0926fbd,EUROPE,8,1,1,0,56
88b0c2ff36c442a19fdb761d00740381,ASIA,22,1,0,2,14
cd3ddf9eb7c745dba43a1f9ff908baac,AFRICA,12,0,1,3,11
52b277e5ebfa42a8a2b58e77230f353e,ASIA,5,1,1,3,34
302e127c83c34447a657a5d56d31df2f,AMERICAS,38,0,0,1,44
6faa97e1dc8c48f89ab56498a3e1dcdf,EUROPE,31,1,0,2,26
aca59eed9b7d4871a822b8af9e54ef06,EUROPE,17,0,1,3,88
4af8bf9f786044fb8678cbda805945be,EUROPE,49,0,1,0,92
316c3b0ad6a64447b1d73117e3834b8e,AFRICA,32,0,0,2,59
58cb3ca2b8884c4facdcb7e7170ae6a7,ASIA,42,0,0,0,60
46e62bda06d84ba8b460e872124216d3,ASIA,37,1,1,0,32
c0af50674f3d4f56a6f30a9bc4a91918,AFRICA,33,1,1,3,74
3ab13dad16554506b4288180c384ddaf,AMERICAS,8,1,1,0,61
5e96a755b94c4e6a96e3ea1a43ddf5af,ASIA,1,1,1,0,37
0672d44884b246dd8ae30184f1ab2931,AMERICAS,43,1,0,0,42
e1dbb98d7d0a41cdb5c69bf0efa93560,AMERICAS,13,0,1,1,82
7abb690b8547400093380c90cc140177,ASIA,38,1,1,2,64
3aa06eb3ad5f4474abc1a47e6b8aa382,EUROPE,17,1,1,3,100
6eeccfb21776442081ef6253264fcb9e,AFRICA,32,1,0,3,83
51debb03bfd244c884438e91312ed1d2,AMERICAS,37,0,1,2,53
25ab0575b94a48db881ecaeb604b4b1a,AFRICA,1,0,0,1,78
c890f0c64aef47c09088555e09ad8bd5,EUROPE,26,0,0,1,89
7d79a88674bb410da87c16a437654a14,AFRICA,23,1,1,2,73
82ca0d2083f94b08a44b4578a61750bc,AMERICAS,29,0,0,3,70
6feefc31a8af4e12b2629c3fa7ec96da,AMERICAS,1,1,0,0,66
d627f412f227447a897fbcc58e43aac4,AFRICA,17,0,0,2,49
eb33c37d5dbe4c23adf2e34ae904b610,ASIA,38,0,0,2,40
7f2c80ed10784f6d977155813382f8e8,EUROPE,40,1,1,2,33
753756c6969b4e77abf948b302a8aa5a,AMERICAS,42,1,1,0,12
7d7bd8d92df94bb4a21df949773458e1,AMERICAS,14,0,0,2,52
09515c781d854e4e83793c7c50ac6c05,ASIA,36,1,1,1,41
427f9b4dd38f4d02bbd09d0c2e0cb0eb,AFRICA,50,0,0,3,49
538ebf508d824263a8ec8a625ca58548,EUROPE,45,1,0,0,55
ba20005978a44f56b1651e63c56dcb0a,ASIA,24,1,1,3,37
3d9661a2365e441ba2bc8d1ce5c7c644,AMERICAS,5,1,0,3,89
74d422aea1e0426fa13799b938a7a4e7,AMERICAS,45,0,0,0,88
7531991d4acf412db25a0eed6028feb1,AFRICA,7,0,1,1,47
c8dd802b4a404bf1a909d4a0bcb56323,AMERICAS,13,1,1,2,12
413f4ace3e20476c99d9e073ef64df99,EUROPE,11,1,1,3,31
204144e554434dc08b2603446e2a4bfd,AFRICA,37,1,1,0,18
0a8ab358099f42408d29fe48a19ca6ef,AFRICA,35,0,1,3,40
5564fa19b1a54335a6acf33f250e7c07,AFRICA,9,1,1,0,91
22519e92c8a144859bf3b8b986885932,ASIA,32,0,0,2,14
af94e1726a58434f83d1f4947050ba8f,EUROPE,13,1,0,2,39
43a509ff9cc9424b92c7ef72800cd3e9,EUROPE,25,1,0,3,58
af23e3e74fdf4bd7941d045b98811004,EUROPE,47,1,1,3,91
8f2e6f87519841c2850f53db862e4fe3,ASIA,34,1,1,3,20
89f60d178b534f1b815f10acda876d3e,ASIA,34,0,0,1,22
e89196e6ae4042ee80bcbb251ee08416,AFRICA,7,0,0,1,43
8360508281074ab6aa56f46426ac1d13,AFRICA,32,1,1,1,90
35be618339bf45f089825fecdb16db28,ASIA,25,0,1,1,53
4a597dc2b4ac4d84a583ff6ad21b7607,AFRICA,29,1,0,3,99
4c39942a68b34149ba824d387d9bfe8c,EUROPE,38,0,1,1,89
b7085ee7782c4319a57e6a0dec2bb30d,AFRICA,48,0,0,0,69
ec0ea9050f5943d2bb4a51b94d428bc9,EUROPE,13,1,1,1,89
6444867acf7944b9bc2fc2c99816e1ad,AMERICAS,21,0,1,0,92
39bcb1e87ce24392b47bcc991c2f2432,AMERICAS,40,0,0,2,98
985cff30c7f842daa9613879ee72cca3,AMERICAS,14,0,0,1,37
97dd3e21c84948ad9d726878460ee2c3,AFRICA,17,0,1,1,61
da38fbeb54674bbc86c8aedfaaed2435,EUROPE,21,1,1,3,17
8747671efb824c879a19c3dd349fcb9e,EUROPE,44,1,0,1,11
b322e6f05e324e0cb7a2007be1fc8c64,EUROPE,11,1,1,1,43
954e167e21c14d73998c337c825232aa,ASIA,25,0,0,3,10
068ce424471a46f9b4028cf30255f8b5,ASIA,26,0,0,2,81
db778894ec8d490e9fcb8bddca4f39cb,AFRICA,9,0,0,0,73
efb28ccfc1134ca1ba300247e7fb42d7,EUROPE,16,1,1,1,28
db57c4bd8ffd477baa0723add163774e,ASIA,23,1,0,2,69
b6491f6a92e74b088538fc011380630c,AFRICA,23,1,0,1,66
98899c2acbdf4d2cad40a23f0035d528,AFRICA,16,1,0,3,34
6a2114ffdd5d4c01aa54e37de5fd965b,AMERICAS,18,0,0,0,30
c46e4a32877d4a57884632f32c25af89,EUROPE,4,0,1,0,40
b69032595b6b4e298086f657066e5283,AFRICA,28,1,0,3,91
dd07a43231b44f5aa09d35e1a52b145c,ASIA,29,0,0,1,87
09d32fe3abe5407987e174439a51d48d,EUROPE,23,0,0,0,84
87cdb8fb55ec4b15be7b43002c7b80dd,AMERICAS,19,1,0,0,8
d2c9fa34b2544d1c91e9a9b76ffdb85d,ASIA,29,0,1,2,1
c188b6f6f1f54dd5ab2ae2b86e0b24ae,ASIA,33,1,0,1,30
1cad7c8c108b46ce9a661fc5b308f10c,AMERICAS,13,0,1,1,11
0ccec3df87fa4dc5af39b922becb631f,EUROPE,5,1,0,1,15
9b99332dd98144028b3b3443584a14c8,ASIA,17,0,0,0,4
0aa8f0e2e3c240f0b61ba10cab9bdf29,EUROPE,3,1,1,2,96
79a51a432ac54062a0a35d7a32b28bf6,AMERICAS,45,0,1,1,10
38c68b6fb0374cf7a259c5e083e4dd7b,EUROPE,4,0,0,2,95
f3a63d36027f4541916bccfcd8223fb8,ASIA,26,0,0,1,24
4b264b0520db41689c63432064b264d5,AMERICAS,29,1,1,1,55
b44331cef23040269c45d2605f766778,AMERICAS,44,1,1,1,89
672dc9db71ae44a2ae61d44fc5fb7de4,ASIA,33,1,1,1,18
0ec38c704fbb45458cfcdf484803a0df,AMERICAS,35,0,1,3,77
8172d0a4a57542a99fd6d9eb086e9fe0,ASIA,27,1,0,0,81
9b015cca843c4a1a8c7876ffd943fe40,AFRICA,34,1,1,2,15
aa7e52d0362e4b59a3753fd496494bc1,AFRICA,37,0,0,1,89
a44ff9b44fc9496b84d5e22d84629181,EUROPE,1,0,0,1,49
379bf9f36c394f648ae954ffab1efec5,AMERICAS,42,0,0,2,49
d1cb787173244f3aad21c51bff8ad8e6,EUROPE,36,1,1,1,61
b12713efa87443048f4befb5a9a4124e,EUROPE,37,1,0,1,96
4c4325b94d5d47649e74137dd0c77dec,EUROPE,16,0,0,3,11
d92f3bd95ebb424abc06909a4d207424,AFRICA,8,0,1,1,15
1331385dd7654033ba66cd158e8ee880,EUROPE,27,1,0,2,27
eeab426ba1364cbb8bb37ad20dad3223,EUROPE,14,1,0,2,25
876ba28b31d34cf1a7d72b4ec2102eb7,EUROPE,9,1,0,2,53
fb91b0d9ddd34aff981af5f6cf1f7874,ASIA,16,1,1,2,59
17b5ce8788694d149175de7d4aabf232,EUROPE,1,1,1,1,51
5e828cf785df4964ab93552d5a8ff431,AMERICAS,29,1,1,1,3
e8a822b40af546059ff501eaea8a346b,AFRICA,29,0,1,1,48
4ec927f9c3d9416bbaf73780fc728bff,ASIA,37,1,1,1,7
424fe8124a1440d9af14bb998382e340,EUROPE,46,0,1,0,97
48d078eba4e147d1bb30a237cb3d3007,AMERICAS,38,0,1,3,68
61b8fbdaaef34107afb6d39745bd4660,AFRICA,46,0,0,2,65
0a7b6b30d5ee4962bc6e3af962cf6c36,AMERICAS,21,0,1,3,79
80868709310045329ad4631f285c0330,EUROPE,50,0,0,3,87
068f7ca7467649e2bff6d8d3e72e890f,EUROPE,49,0,1,1,77
3dfe70a538f24695a0fd37aa0c026f5c,EUROPE,18,1,1,2,88
b4d27fc1dc7949d387f2be21857dc497,AFRICA,28,0,1,2,23
f22b3130acc64ba5a0a6b1bd7a0c212d,EUROPE,5,1,1,0,53
ab36ca427d5a4197b9b25a92505be8e5,EUROPE,16,0,1,1,54
51addbcf045e497987340fe0102d3be1,ASIA,1,1,1,3,58
4db0ac79af0b471fa043db443a46ac01,EUROPE,15,0,0,0,65
bdbdfbf837a346608284265836c1e5c6,AFRICA,46,1,1,2,20
e4adbddef6234ef691338d6c70d75d95,AMERICAS,4,0,1,2,41
b09afb9cf4a44e9ca753b501cbe746e7,ASIA,25,1,1,0,60
5694997ba3c246b6a8bea6c5b52fdfa6,AMERICAS,36,0,0,1,27
8183abad646c401db901edba43b459f8,AMERICAS,15,0,1,3,44
267891634d05450bbd0481116a04feca,ASIA,46,0,0,2,75
2dd1a13975f54f2ebc2ccfc73906aff5,EUROPE,36,0,0,3,83
58d9d5978472459da86b491157cce63d,ASIA,34,1,1,1,41
97467ac6b56e49899976b36b4f73032f,ASIA,15,1,1,0,64
4d03ec4131654da98db33a50b7962573,ASIA,43,1,0,0,34
6142ed189f99487c87a636f440c7be47,AFRICA,49,0,0,2,24
8ea134a051e54be4bd2c308c6c18ed9b,AMERICAS,18,1,1,2,4
7e72c661072444f99a2a0a8598151d43,ASIA,48,0,0,0,25
8653afc0d5114e6ab67482113c0b6691,AFRICA,13,0,0,2,5
2b1bff84f6284b71a81c23137360535f,AMERICAS,34,1,0,2,38
eb2c5349d0154b6985b9a3c635038c61,AFRICA,34,0,0,3,87
397d9f914f954645a2d9b32a1fb6bdd5,AFRICA,22,0,0,2,9
d1cd233a2eaf4e209a60fced858601f1,EUROPE,2,1,0,3,67
eeb19f644b384e8987acc00de5a0aeb8,AFRICA,24,1,1,2,23
486f039d63c14cc583c19ae6fb8ce23a,AMERICAS,35,1,0,0,72
3182bffdc60f42afa0bc83e32273e07d,AMERICAS,2,0,0,2,50
95b3d6b625924e72b5b5db7cb3d37dbd,EUROPE,39,1,0,1,72
31b40adb15d54e63b2a7085bc9fcfc3d,ASIA,37,0,1,3,95
7e9bd0e3e1d249e8a544e6da5176e992,AFRICA,6,1,1,0,56
4044a0fdb03a468ebac8d11eaf7f8efb,AMERICAS,12,1,1,0,84
995f8819e2ae4f5ea3605354e7c9278e,EUROPE,45,1,1,1,46
0785ed8439174f2db0194ad36fc34253,AMERICAS,5,0,0,3,11
77e64db5e9d34463b1a542f2e89d1708,AFRICA,25,1,1,2,16
5230cfdbd13c4825995cbf8b980f2471,AMERICAS,33,1,1,0,53
66d1119365ef4b20903e903faa93af1c,EUROPE,41,0,0,3,14
6ea8f5a76d874130a0b7438ce67217c9,ASIA,38,1,0,0,5
7944162e6e8d4206b9816cc77bfbb8c9,EUROPE,29,0,1,2,55
ffd004a958cc457d9f822f897da14930,ASIA,41,0,0,3,10
a3f5ff5ea1f24f4e850a72fa83495992,AFRICA,10,1,1,1,79
71a0a24b8bca4e47b2cdbf87ec24eb12,AFRICA,25,0,0,0,38
514cce8eb7f74ca897a6e01a03e24e44,AMERICAS,33,1,0,0,76
655409d85fc945f4ac3f99c4db9f724b,ASIA,31,0,1,1,39
536225ae74f04ae6bd609d92055fb2da,ASIA,49,0,1,0,72
0823b5373eaa485fb93731dc6bc72e5e,AMERICAS,45,0,0,2,17
133bcb6b86644a6bb40b169a75cd5a1c,EUROPE,36,0,0,0,89
41d5c2d5728c4c9881c8188367edbe23,ASIA,5,1,1,2,55
c1a263ac7b05435fb5118da4add0a0b4,EUROPE,32,0,1,2,78
da4a20f6f0a54867820d6e0d5ab2c5dc,AFRICA,41,1,1,3,8
48cfc8ff2f55410e9e1cc9aa22655bee,ASIA,48,0,0,1,88
0744d4959b0245b6bc80bca9217dcc6d,EUROPE,39,0,1,2,39
e767ddea141c4e4498f727d56042789f,ASIA,12,1,1,3,56
491c016a80ff43cabfb245e6de227aaa,AFRICA,33,0,1,3,85
4006678e9fb8410b96abd635b944761f,AMERICAS,17,0,1,1,59
20ca2d0d2c92463fb9fa9ef06e0f9a8a,EUROPE,6,0,1,0,84
eaddd17f0f6a44d78ca776dd6f1fbeb4,ASIA,7,1,1,3,55
453d0458a2e84d3a827b72ff1d4c460c,AFRICA,43,1,1,3,40
a7faf9e0baa4406f857aa1b1aca34eac,EUROPE,12,1,1,2,8
c693442e4f6f4da6829062fda8b9bb11,ASIA,31,0,0,2,74
06ba81cc98ca4457a85ba8f6ca941481,AFRICA,39,0,1,3,47
c8b1b12dbb824fda8d142812b5c758d7,AMERICAS,26,0,1,1,15
78d6f3929c9d45f6bc375cceb59e3c98,AFRICA,2,1,1,3,61
805a27b38c5c44119776b7472e6e274b,AFRICA,47,0,1,0,82
747bff85926649c485ab75526546bcb9,AMERICAS,1,0,1,0,84
e9f6475c06ba41c398190551f378144d,ASIA,45,0,1,3,21
b6045a5927d44af8b16b9f91da17dc76,ASIA,6,0,1,3,76
68938e77cd3247ce9b4ef20a8ccc7473,AFRICA,15,0,0,0,83
